0,1
1,マイネルディアベル
2,タガノブルグ
3,ツィンクルソード
4,シゲルカガ
5,キタサンラブコール
6,アポロスターズ
7,ニシケンモノノフ
8,アスコルティ
9,エルカミーノレアル
10,フレンチフェロー
11,ウインスプラッシュ
12,クインズセブン
13,エアソミュール
14,アロマカフェ
15,サムソンズプライド
16,セイクリッドバレー
17,ワールドエース
18,ゼロス
19,ミヤジタイガ
20,ヒラボクディープ
21,メイショウウズシオ
22,ニシノメイゲツ
23,モンテエン
24,ペルーサ
25,レインスティック
26,イケドラゴン
27,バーディーイーグル
28,ケンブリッジサン
29,ブルーイングリーン
30,ヴァルディヴィア
31,セツナ
32,グランデアリュール
33,コスモソーク
34,ポッドスター
35,ハイエストクライム
36,ポークチョップ
37,アンルーリー
38,ディーエスタイド
39,ヒアルロンサン
40,エッフェル
41,サワキック
42,エムオーキャプテン
43,ケイアイエレガント
44,ホーカーテンペスト
45,アドマイヤドバイ
46,オールアズワン
47,タガノエンブレム
48,ターフェル
49,マイネルアダマス
50,ダノンミル
51,ハーコット
52,フルアクセル
53,ダイワズーム
54,ドリームトレイン
55,ショウナンマハ
56,デウスウルト
57,サトノネプチューン
58,ピースピース
59,ゴールスキー
60,ノーザンリバー
61,シルクフォーチュン
62,ブライトライン
63,アドマイヤロイヤル
64,ジョーメテオ
65,テスタマッタ
66,ドリームバレンチノ
67,ダノンカモン
68,アドマイヤサガス
69,スノードラゴン
70,セイクリムズン
71,セレスハント
72,エーシントップ
73,ティアップワイルド
74,スリーボストン
75,キタサンイナズマ
76,カーティスバローズ
77,メイショウコンカー
78,ヴァンガード
79,ヤマチョウフェア
80,ダノンレジェンド
81,リアライズナマステ
82,シュガーヒル
83,クロスボウ
84,マイネルバウンス
85,スズカヴィグラス
86,ヤマタケディガー
87,ディアグリスター
88,モリトリュウコ
89,フロリダブルー
90,コスモシャンハイ
91,ラングレー
92,ゴールドアクター
93,ダイワリベラル
94,ラハイナルナ
95,デルカイザー
96,ダノンアンビシャス
97,マドリードカフェ
98,トライアゲイン
99,ロワジャルダン
100,タルトオポム
101,ジョウノムサシ
102,マイネリベルタス
103,レッドアルゴ
104,ストロベリーキング
105,ナスノアオバ
106,クインズチャイルド
107,レーザーバレット
108,パワースポット
109,ブロードソード
110,コスモイーチタイム
111,アンアヴェンジド
112,オメガブレイン
113,タツパーシヴ
114,ガイヤースヴェルト
115,ミヤジマッキー
116,セイカフォルテ
117,エスカーダ
118,ドラゴンヴォイス
119,ヒメサクラ
120,セイカフォルトゥナ
121,ワールドブルー
122,エンジョイタイム
123,ジーニマジック
124,カディーシャ
125,ボンジュールココロ
126,ゴールドカルラ
127,アンレール
128,エパティック
129,エターナルムーン
130,タガノルミナーレ
131,ツクバアラモード
132,サクラディソール
133,カフヴァール
134,ヨシカワクン
135,アステールネオ
136,アイティクイーン
137,リアリティー
138,デコルテ
139,プロモントーリオ
140,クイーンオリーブ
141,クリールカイザー
142,マイネルメダリスト
143,レオプログレス
144,コスモユッカ
145,ネオブラックダイヤ
146,シンボリボルドー
147,アップルジャック
148,トーセンハルカゼ
149,スーサングレート
150,ポールアックス
151,シャドウバンガード
152,ホエールキャプチャ
153,エキストラエンド
154,クラレント
155,コディーノ
156,サトノギャラント
157,レイカーラ
158,サクラゴスペル
159,エールブリーズ
160,セイクリッドセブン
161,ショウナンマイティ
162,ヴィルシーナ
163,ラインブラッド
164,レッドスパーダ
165,コスモセンサー
166,サトノシュレン
167,リルダヴァル
168,ダンディーレイ
169,ノウレッジ
170,ラヴィアンクレール
171,ヴィンテージイヤー
172,ゲマインシャフト
173,ジャーグラット
174,ミヤビリファイン
175,サルバドールハクイ
176,ラブリースター
177,バーチャルトラック
178,オリオンザプラズマ
179,ヘアーオブザドッグ
180,タプローム
181,タイセイワイルド
182,カゼノサファイア
183,トーホウペガサス
184,タールタン
185,サクラレグナム
186,ダンシングマオ
187,クロタカ
188,ピオニエトウショウ
189,デルマヌラリヒョン
190,エステーラブ
191,ディアセルヴィス
192,ワールドエンド
193,カゼノグッドボーイ
194,メイショウハガクレ
195,フォーエバーモア
196,マジックタイム
197,ニシノアカツキ
198,プレミアステイタス
199,デルマサリーチャン
200,セレナビアンカ
201,グリサージュ
202,ダイワソフィー
203,タイセイティグレス
204,シュヴァリエ
205,サクラパリュール
206,ラインハーディー
207,フリュクティドール
208,デルフィーノ
209,カノーロ
210,ツクバアスナロ
211,オメガホームラン
212,ジョーオリオン
213,レッドエレンシア
214,シャドウエミネンス
215,ショウナンダイチ
216,プロスペラスマム
217,クリノチョモランマ
218,ゴールデンクラウン
219,フリーアズアバード
220,ダイワインスパイア
221,モンテフジサン
222,ミエノゴーゴー
223,スズノフウジン
224,アポロオラクル
225,エネアド
226,アグネスティンクル
227,アミカブルナンバー
228,タマモマーブル
229,デンファレ
230,キッズニゴウハン
231,セイクレットレーヴ
232,ゴーハンティング
233,ロードガルーダ
234,サトノヒーロー
235,ミナレット
236,ヒラボクインパクト
237,メジロツボネ
238,シルクウェッジ
239,イスラボニータ
240,ベルキャニオン
241,サトノアラジン
242,マイネルフロスト
243,ピオネロ
244,ハギノハイブリッド
245,ローハイド
246,ショウナンワダチ
247,ラインカグラ
248,ネオヴァロン
249,シングンジョーカー
250,ガリバルディ
251,アスペンツリー
252,レッドオラシオン
253,マックスガイ
254,ダンシングミッシー
255,エアカーネリアン
256,タイキソレイユ
257,テムジン
258,ドナリサ
259,ブロックコード
260,ウインプロスパー
261,ノッキングオン
262,ドラゴンフラッシュ
263,ブロッケン
264,ベルストーリー
265,ザストロンシチー
266,ハイタッチ
267,ウインクロニクル
268,ニュースター
269,エキマエ
270,メイショウパワーズ
271,メイショウシンシア
272,ダイリュウキセキ
273,アースコネクター
274,レッドアルヴィス
275,ランウェイワルツ
276,リーゼントロック
277,タイセイクルーズ
278,スザク
279,ダイチトゥルース
280,カクシアジ
281,ニシノデンジャラス
282,フェイムゲーム
283,タニノエポレット
284,ラブラドライト
285,メイショウジンム
286,ファイヤー
287,サイモントルナーレ
288,アドマイヤバラード
289,セイカプレスト
290,ロードオブザリング
291,ローレンルーナ
292,ショウナンダイラ
293,アップルハウス
294,ミルキーブロード
295,ムードティアラ
296,フィオリア
297,ミステリートレイン
298,ビットアレグロ
299,デルマネコムスメ
300,ジョージジョージ
301,バルダメンテ
302,バイタルフォルム
303,ラヴァンドゥー
304,ヒショウ
305,クローチェ
306,ホンインボウ
307,ミエノワンダー
308,リベルタス
309,ブリッジクライム
310,トーセンアルニカ
311,サフランディライト
312,リヤンドファミユ
313,ロッカデバルディ
314,ローゼンケーニッヒ
315,ツルミプラチナム
316,カフェリュウジン
317,エクセリオン
318,マイネルマーク
319,コパノリッキー
320,ホッコータルマエ
321,ベルシャザール
322,ワンダーアキュート
323,ニホンピロアワーズ
324,グランドシチー
325,ソロル
326,ベストウォーリア
327,アメリカンウィナー
328,ヴォーグトルネード
329,ドレミファドン
330,ギャザーロージズ
331,オメガスカイツリー
332,バトードール
333,リキサンステルス
334,クラブトゥギャザー
335,トウショウギフト
336,サンマルデューク
337,グレイレジェンド
338,ニシノオウガイ
339,アグネスアンカー
340,メイショウブンブク
341,タナトス
342,カチューシャ
343,コスタアレグレ
344,デザートオアシス
345,マラネロ
346,コウセイコタロウ
347,スズヨストラ
348,ミッキーヘネシー
349,フォルテリコルド
350,ツルオカハチマン
351,グローリールピナス
352,ユジェニックブルー
353,ラブリーデイ
354,ダービーフィズ
355,サトノアポロ
356,エクスペディション
357,ミキノバンジョー
358,コウエイオトメ
359,トップカミング
360,マイネルジェイド
361,チェリーヒロイン
362,ガーネットチャーム
363,ブルーバレット
364,チェリーメドゥーサ
365,オーキッドレイ
366,ダイワフェリス
367,スリーカーニバル
368,ナオミノユメ
369,グランデスバル
370,カネトシマーシャル
371,リラコサージュ
372,ロジサンデー
373,ガチバトル
374,ヘルデンテノール
375,ジャングルハヤテ
376,サングレアル
377,ブランネージュ
378,マイネオーラム
379,マローブルー
380,イサベル
381,マイネグレヴィル
382,ハピネスダンサー
383,ヤマニンアリエッタ
384,プロクリス
385,ムードスウィングス
386,スペランツァデーア
387,シャドウカラーズ
388,パナシュドール
389,シードオブハピネス
390,オリオンザジャパン
391,サンタクローチェ
392,ラヴェルソナタ
393,オメガスパーキング
394,メイスンウォー
395,アルデグロリア
396,アルセーヌシチー
397,ツクババンドーオー
398,ダノンアイガー
399,マジカルポケット
400,スイングエンジン
401,メイショウコロンボ
402,ハコダテナイト
403,シンボリエンパイア
404,フミノメモリー
405,ダノンハラショー
406,フラアンジェリコ
407,デルマイザナミ
408,ランブリングマン
409,ショウナンラグーン
410,ワールドインパクト
411,ヤマノウィザード
412,エイシンエルヴィン
413,ウインマーレライ
414,マテンロウボス
415,ファーガソン
416,ナンヨーマーク
417,シャンパーニュ
418,テオドリーコ
419,アドミラルシップ
420,ケンブリッジベスト
421,ナリタポセイドン
422,ローマンエンブレム
423,ホワイトフリート
424,ブライトジェム
425,ダヴィンチバローズ
426,メイショウシャイン
427,ハードロッカー
428,トニーポケット
429,マイネルボンド
430,バンクシー
431,ネオヴェリーブル
432,ポルスターシャイン
433,ダイワフォスター
434,チャンピオンブルー
435,ディープルマン
436,サトノプリンシパル
437,ツクバコガネオー
438,ナイトフッド
439,キラウエア
440,サンライズブレット
441,セイカプリコーン
442,スズカセクレターボ
443,カネトシイナーシャ
444,オールドパサデナ
445,ナリタスーパーワン
446,サクラシャイニー
447,ウォータールルド
448,シャイニーガール
449,ベッラレジーナ
450,ヘイジームーン
451,カウニスクッカ
452,ショウナンパンドラ
453,マリアライト
454,ホクラニミサ
455,コウヨウマリア
456,カレンリスベット
457,ヴェルジョワーズ
458,トシザキミ
459,エクセレントビュー
460,スーリール
461,ティックルゴールド
462,ヴァンデミエール
463,ハナズリベンジ
464,ワンダーロード
465,ティズトレメンダス
466,タニセンジャッキー
467,シークレットアーム
468,メイショウアイアン
469,マリントウショウ
470,ボウマンミル
471,ノボピュアリティ
472,タサジャラ
473,フィールザラブ
474,マイネオレンジ
475,ビービートレイター
476,アウォーディー
477,ステラウインド
478,レコンダイト
479,シャドウパーティー
480,メイショウタマカゼ
481,ヴァーゲンザイル
482,マイネルサンオペラ
483,シャイニーハーツ
484,キネオペガサス
485,メイクアップ
486,アンヴェイルド
487,トップアート
488,タケルファラオ
489,ワードイズボンド
490,アカノジュウハチ
491,ナイフリッジ
492,ファドーグ
493,トーセンミラージュ
494,マリーナベイ
495,キタサンミカヅキ
496,タガノトネール
497,ビービーボイジャー
498,イーグルカザン
499,リバティーアゲイン
500,スワンボート
501,アランルース
502,ブライテン
503,キタサンウンリュー
504,プランタンビジュー
505,ハートビートソング
506,ナリタシルクロード
507,クリソライト
508,ドコフクカゼ
509,ダブルスター
510,クラシカルノヴァ
511,トウショウヘイロー
512,シビルウォー
513,メテオロロジスト
514,グラッツィア
515,イッシンドウタイ
516,ミッキーアイル
517,キングズオブザサン
518,ロサギガンティア
519,ホウライアキコ
520,ショウナンアチーヴ
521,ダンツキャンサー
522,アトム
523,サトノルパン
524,ウインフェニックス
525,ベルルミエール
526,エイシンブルズアイ
527,アドマイヤビジン
528,ピークトラム
529,アルマエルナト
530,カラダレジェンド
531,メイショウソラーレ
532,アダムスピーク
533,ロジテール
534,サウンドトゥルー
535,イッツガナハプン
536,ヒラボクプリンス
537,ガムラン
538,ライオンズバイツ
539,リバータイキ
540,レッドジャクソン
541,コスモパルダ
542,マイネルアウストロ
543,スパークオンアイス
544,リグヴェーダ
545,フジマサエンペラー
546,サイモンラムセス
547,タツストロング
548,マンボネフュー
549,コスモトゥルーラヴ
550,カグニザント
551,ジェネスサンキュー
552,コスモソウタ
553,ロベルクランツ
554,メイケイペガスター
555,インプロヴァイズ
556,コパノリチャード
557,アフォード
558,シャイニープリンス
559,アルフレード
560,メイショウヤタロウ
561,インパルスヒーロー
562,クラウンロゼ
563,インプレスウィナー
564,サンディエゴシチー
565,トロワボヌール
566,タイセイローマン
567,アルスマルカート
568,トミケンユークアイ
569,メイショウドゥーマ
570,アドマイヤシャドウ
571,ツクバローレル
572,ショウナンマオ
573,ロンギングエース
574,フォースフル
575,コパノウィリアム
576,サーランスロット
577,オリオンザムーン
578,フィアレス
579,レッドティムール
580,サンバビーン
581,ノースショアビーチ
582,アナザーバージョン
583,ペアン
584,ロスヴァイセ
585,アールプロセス
586,ベストルーラー
587,デンコウヒノマル
588,ケルヴィンサイド
589,オメガヴェンデッタ
590,プリサイスエース
591,メイショウコルノ
592,ビートゴーズオン
593,ローブデソワ
594,サリレモンド
595,ペガサスジュニア
596,メイショウマンボ
597,ストレイトガール
598,キャトルフィーユ
599,デニムアンドルビー
600,スマートレイアー
601,ゴールデンナンバー
602,エクセラントカーヴ
603,ローブティサージュ
604,エバーブロッサム
605,フーラブライド
606,クロフネサプライズ
607,ラキシス
608,ウリウリ
609,プリンセスメモリー
610,ストーミングスター
611,ケンエンブレム
612,ゲンパチメジャー
613,オースミイージー
614,アルベルティ
615,ユキノアイオロス
616,コスモエルデスト
617,シンボリディスコ
618,ラインミーティア
619,カケダシ
620,ヤサカオディール
621,カシノワルツ
622,リュクサンブール
623,トミケンジェスト
624,クリノイザナミ
625,アクアライン
626,エスユーハリケーン
627,オリバーバローズ
628,ドリームコンサート
629,キョウエイバサラ
630,リックムファサ
631,インディーズゲーム
632,キングヒーロー
633,トーセントレジャー
634,フランチャイズ
635,タマモマズルカ
636,フォールティテール
637,サンマルスピリット
638,ポンデザムール
639,ドラゴンキングダム
640,ホクレアポパイ
641,クラウドチェンバー
642,スペシャルリッチ
643,ケイアイホクトセイ
644,テスティコ
645,トキノユウ
646,モリミヤビ
647,コスモリトライ
648,モグモグパクパク
649,エイシンキサナドゥ
650,シルバーレイショウ
651,ラインロバート
652,ヤサカシャイニー
653,レト
654,ローレルソラン
655,ウエスタンメルシー
656,ジャスタウェイ
657,グランプリボス
658,ダノンシャーク
659,グロリアスデイズ
660,サダムパテック
661,フィエロ
662,カレンブラックヒル
663,グランデッツァ
664,リアルインパクト
665,トーセンラー
666,ジャッカスバーク
667,ワイルドドラゴン
668,サトノアルバトロス
669,スターノエル
670,シグナルプロシード
671,メイショウゲンブ
672,ファンシーミューズ
673,エーペックス
674,メモリーパーミット
675,シンキングマシーン
676,ピンポン
677,ビッグリバティ
678,ソラニー
679,モズベラベラ
680,サンセルマン
681,エアハリファ
682,サトノプライマシー
683,トウショウクラウン
684,ボレアス
685,トウショウカズン
686,ムーンリットレイク
687,クロイゼリンチャン
688,チョコレートバイン
689,ブルジュオン
690,レッドマニッシュ
691,ウインオリアート
692,アンスポークン
693,カフェブリリアント
694,レイヌドネージュ
695,クイーンアルタミラ
696,レッドカチューシャ
697,アサクサウタヒメ
698,ツキノウサギ
699,ダノンジェラート
700,オースミナイン
701,アールデュラン
702,テンペル
703,ウイングドウィール
704,サクラプレジール
705,メイショウスザンナ
706,メジャーアスリート
707,トウショウフォアゴ
708,リヴェレンテ
709,ディサイファ
710,マイネルラクリマ
711,ダークシャドウ
712,タマモベストプレイ
713,ダノンヨーヨー
714,マジェスティハーツ
715,タムロスカイ
716,カネトシディオス
717,トーセンジャガー
718,カルドブレッサ
719,シルクアーネスト
720,アーデント
721,フェスティヴタロー
722,パドトロワ
723,クライスマイル
724,チャンスメイク
725,グランドサッシュ
726,ヴェアリアスサマー
727,ローレルアルトス
728,ファイブタブレット
729,カシノスティーヴ
730,ノアミラクル
731,リーサムダイチ
732,ラブインペラートル
733,デコイ
734,エフティマルス
735,マカハ
736,フラムドグロワール
737,ヴァンフレーシュ
738,サクラエール
739,クランモンタナ
740,ソルレヴァンテ
741,ロンギングダンサー
742,オマワリサン
743,ラウンドワールド
744,ハイパーチャージ
745,ブラックジャガー
746,エルヘイロー
747,ハイアーレート
748,マグナムボーイ
749,オアフライダー
750,フラクシヌス
751,ヴァリュービジョン
752,ヴィクトリーケルブ
753,トーホウパルサー
754,ヴォルシェーブ
755,エイダイポイント
756,ルミナスレッド
757,フィルハーマジック
758,マイネルテンクウ
759,ブランクヴァース
760,アナンジュパス
761,トーセンワープ
762,アンバサドゥール
763,オリジナルスマイル
764,テナシティー
765,コーリンベリー
766,バンズーム
767,アンズチャン
768,タガノエッヴィーバ
769,ワイルドダラー
770,メイショウイチオシ
771,アジアエクスプレス
772,ルミニズム
773,メイショウサルーテ
774,ドリームカイザー
775,スマイルシャワー
776,ブライトチェリー
777,テイエムコウノトリ
778,アサクサゴールド
779,テツナゴオ
780,ピンゾロ
781,ムーンベックカフェ
782,イマスグキスミー
783,アポロオオジャ
784,リトルボナンザ
785,アルマライズ
786,マグネイト
787,スイートサルサ
788,キミノナハセンター
789,コスモグレースフル
790,ロジメジャー
791,ヤヤラーラ
792,ウィケットキーパー
793,ノーブルジュピタ
794,フェアブレシア
795,オメガセニョリーナ
796,タマブラックホール
797,クラージュドール
798,ナリタハリケーン
799,ダイワジャスト
800,イントロダクション
801,シゲルオオスミ
802,エクスペリエンス
803,サトノオー
804,クロムレック
805,ドリームリヴァール
806,アポロムーン
807,バースデイパーティ
808,デサフィナード
809,ジーニアイ
810,アスコットシチー
811,モリトビャクミ
812,トップオブザヘヴン
813,ツインキャンドル
814,ゴールウェイ
815,トリニティチャーチ
816,セトブリッジ
817,アテーナーズブレス
818,クールヴェント
819,ミトラ
820,コウヨウアレス
821,テイエムオオタカ
822,レオアクティブ
823,クッカーニャ
824,ミッドサマーフェア
825,シャイニーホーク
826,タイキパーシヴァル
827,ナモンレジェンド
828,カワキタシャウト
829,シゲルリョウケンザ
830,サウスマキシム
831,ヒカリブランデー
832,オニノシタブル
833,サーストンデンバー
834,ヒミノコンドル
835,ゴールドキセキ
836,ニシノソラカラ
837,カーラノーチェ
838,オメガベントレー
839,キョウエイハピネス
840,グレイスフラワー
841,フレージャパン
842,タイセイドリーム
843,クラリティスカイ
844,ネオルミエール
845,ミッキーユニバース
846,オープンザウェイ
847,ニシノクラッチ
848,グァンチャーレ
849,マイネルグルマン
850,キャピシーヌ
851,タケデンタイガー
852,サトノフラム
853,マコトダッソー
854,クラウンノキミ
855,キョウエイマグマ
856,オーゴンボルト
857,ダブルファンタジー
858,アビスコ
859,ノボサイボーグ
860,ファンディータ
861,レッドファルクス
862,ヴェルフェン
863,コスモキングダム
864,ホークオブサミット
865,ロマンシーズ
866,インプロスペクト
867,アメージングタクト
868,イチエイクリッパー
869,テルミーホワイ
870,ケージーヨシツネ
871,サンレイレーザー
872,スピルバーグ
873,ロゴタイプ
874,ミッキードリーム
875,ダイワファルコン
876,ダイワマッジョーレ
877,ダウトレス
878,アクションバイオ
879,メイショウオオカゼ
880,サクセスフェイト
881,プロトコル
882,クロスカップリング
883,カレンマタドール
884,フェデラルホール
885,タブレットピーシー
886,エスペリア
887,オウケンブラック
888,ジェラルド
889,ワイドバッハ
890,キクノストーム
891,シセイオウジ
892,フィールドシャイン
893,ネオザウイナー
894,ホクセツキングオー
895,サマリーズ
896,メイショウマシュウ
897,エーシンビートロン
898,サトノフェアリー
899,スズノネイロ
900,ヘヴンズチョイス
901,ディアマイベイビー
902,マイネプレセア
903,ジェラテリアバール
904,コスモラパン
905,チェリーペトルズ
906,アンジュデュバン
907,ミュゼミランダ
908,シーロア
909,コスモマイルール
910,ニシノカンザシ
911,カオスモス
912,ベステゲシェンク
913,シルクドリーマー
914,フレイムヘイロー
915,レムミラス
916,ハングリージャック
917,エポワス
918,ディアデラマドレ
919,アイスフォーリス
920,マコトブリジャール
921,オツウ
922,ケイジータイタン
923,ショウナンアポロン
924,オメガラヴィータ
925,アドマイヤダリヤ
926,モンサンアルビレオ
927,アムールスキー
928,コスモナイスガイ
929,ロードランパート
930,オパールパワー
931,サンライズスマート
932,コウユーヒーロー
933,エイシンヒカリ
934,エックスマーク
935,スーパームーン
936,ファタモルガーナ
937,シゲルササグリ
938,ネオシーサー
939,ガッサンプレイ
940,シゲルシゲザネ
941,グランプリブルー
942,ダークシーカー
943,シゲルウシュウ
944,メドウヒルズ
945,カムフィー
946,ラリングクライ
947,ヴァリアシオン
948,ボーイフレンド
949,コスモミレネール
950,ステファノス
951,レッドアリオン
952,コスモソーンパーク
953,クラリティシチー
954,ブレイズアトレイル
955,トーセンレーヴ
956,シェルビー
957,サトノジョリー
958,アンナミルト
959,パーティードレス
960,マレーナ
961,キクノレジーナ
962,リアライズクレア
963,レッツサッチャー
964,スフィンクス
965,ハニーバニー
966,エンジェルビーツ
967,ネロディアマンテ
968,ヒュウマ
969,セキショウ
970,ファントムライト
971,マイネルディーン
972,サトノフェラーリ
973,ショウナンバーキン
974,モンストール
975,マイネルバイカ
976,マルカプレジオ
977,クリノヒマラヤオー
978,マスクトヒーロー
979,ヒラボクマジック
980,ゴールデンスピン
981,アルファアリエス
982,ニットウビクトリー
983,ニシノゲンキマル
984,ウォーシップマーチ
985,サンリットレイク
986,マルタカシクレノン
987,レッドセシリア
988,アラフネ
989,ラロメリア
990,ミヤコマンハッタン
991,シベリアンスパーブ
992,ココロノアイ
993,レッツゴードンキ
994,トーセンラーク
995,フローレスダンサー
996,スマートプラネット
997,シングウィズジョイ
998,アールブリュット
999,シャルール
1000,ステラスターライト
1001,テンダリーヴォイス
1002,ナイアガラモンロー
1003,タマモルミエール
1004,ココロノママニ
1005,ハナモモ
1006,ロゾヴァドリナ
1007,メイショウメイゲツ
1008,リバークルーズ
1009,プリメラアスール
1010,アンジェリック
1011,アンブリッジ
1012,シークレットベース
1013,ウインスラッガー
1014,ベルゲンクライ
1015,ヴィオラーネ
1016,ルネッタアスール
1017,プレイアップ
1018,ラジオデイズ
1019,テンシンランマン
1020,ロジテースト
1021,ウインイルソーレ
1022,アルファメール
1023,マカゼコイカゼ
1024,セセリ
1025,トウカイオーロラ
1026,スマートリバティー
1027,セカンドテーブル
1028,サフィロス
1029,ニシノラッシュ
1030,アポロノシンザン
1031,アクティブミノル
1032,ワキノヒビキ
1033,コウソクコーナー
1034,ゴールドペガサス
1035,ロンバルディア
1036,ウォリアーズソウル
1037,リフトザウイングス
1038,サクラダムール
1039,リーサルウェポン
1040,トーセンジャステス
1041,マイネルアウラート
1042,アルティスト
1043,チャーチクワイア
1044,プランスデトワール
1045,ダローネガ
1046,ベストドリーム
1047,シゲルスダチ
1048,コンサートレディ
1049,サニーヘイロー
1050,アドマイヤケルソ
1051,モビール
1052,デスペラード
1053,コスモロビン
1054,スマートギア
1055,ホッコーブレーヴ
1056,サイレントメロディ
1057,プレティオラス
1058,ビッグギグ
1059,リーゼントブルース
1060,リンガスアリュール
1061,マイネルドメニカ
1062,アピシウス
1063,マズルファイヤー
1064,ケイティバローズ
1065,シャトーブランシュ
1066,コーディリア
1067,ノボリディアーナ
1068,エアジェルブロワ
1069,ウキヨノカゼ
1070,フレイムコード
1071,ペイシャフェリス
1072,ローズノーブル
1073,アムールポエジー
1074,グレープブランデー
1075,フィールザスマート
1076,キョウワダッフィー
1077,トウショウフリーク
1078,グランプリブラッド
1079,ロイヤルクレスト
1080,メイショウカンパク
1081,レインボーペガサス
1082,ロノ
1083,シーギリヤガール
1084,マリーズケイ
1085,ポップジェムズ
1086,カシノピカチュウ
1087,ファンアットコート
1088,トーセンシルエット
1089,マデューロ
1090,シンゼンレンジャー
1091,ディルガ
1092,レジアーネ
1093,レックスパレード
1094,ダノンプログラマー
1095,ニシノビークイック
1096,プリムラブルガリス
1097,サウンドリアーナ
1098,メリーウィドウ
1099,スペースクルーズ
1100,ジャングルクルーズ
1101,ストーミング
1102,カナロア
1103,フェスティヴイェル
1104,ピュアソルジャー
1105,ヒールゼアハーツ
1106,マックスロノ
1107,アースステップ
1108,カンタベリーナイト
1109,イグゼキュティヴ
1110,ロードヴォルケーノ
1111,イースターパレード
1112,アルボナンザ
1113,アフリカンハンター
1114,ピンウィール
1115,キクノフレヴァン
1116,コウセン
1117,アブソリュカフェ
1118,トルセドール
1119,サトノスティング
1120,ルナレディ
1121,ライトオブホープ
1122,ユキノユウダン
1123,ターフデライト
1124,ダイワベスパー
1125,ロジプリンセス
1126,ドラゴンピース
1127,エルマンボ
1128,ヴィッセン
1129,サンライズウェイ
1130,クラーロデルナ
1131,アドマイヤイバマ
1132,マトリョーシカ
1133,デグニティクローズ
1134,ロゼッタストーン
1135,マキノクィーン
1136,ゲルマンシチー
1137,ワンダフルニュース
1138,ブルーボサノヴァ
1139,フォンテーヌブロー
1140,マイネルティンラン
1141,ジョヴァンニ
1142,エアウルフ
1143,ガンジス
1144,サクラインザスカイ
1145,ナリタスプリング
1146,シゲルソウサイ
1147,ロンギングゴールド
1148,スパーブデイ
1149,シャンボールフィズ
1150,パリカラノテガミ
1151,マイネルコランダム
1152,マイネルイルミナル
1153,キーンソード
1154,マンインザムーン
1155,マサノマリリン
1156,アドマイヤイチバン
1157,クワトロガッツ
1158,サクラプレミア
1159,スマートルピナス
1160,モンサンカノープス
1161,トーセンマイティ
1162,サノイチ
1163,サトノクラウン
1164,アヴニールマルシェ
1165,ソールインパクト
1166,エミネスク
1167,クラージュシチー
1168,スワーヴジョージ
1169,ディアコンチェルト
1170,グリュイエール
1171,ジャストドゥイング
1172,ストリートキャップ
1173,マイネルシュバリエ
1174,ペガサスボス
1175,レッドエンブレム
1176,メイスンキャプテン
1177,キネオフォルツァ
1178,ヘルツフロイント
1179,ドラゴンズタイム
1180,フォルトファーレン
1181,フィーユブルー
1182,デルマカマイタチ
1183,マスソングウインド
1184,トウショウマナーズ
1185,ロバーストナカヤマ
1186,ランドントウォーク
1187,アビエイター
1188,コスモチョコレイ
1189,ディアデルレイ
1190,キュリオスティー
1191,イイデフューチャー
1192,ヨッヘイ
1193,モンプレジール
1194,プリンセスジャック
1195,メイショウヒデタダ
1196,オビーディエント
1197,トゥザサミット
1198,クインズハリジャン
1199,ロマンス
1200,ワイルドコットン
1201,ピグマリオン
1202,ホワイトプラネット
1203,エスメラルディーナ
1204,マイネルメリエンダ
1205,ライザン
1206,ツクバアズマオー
1207,スタンドアウト
1208,オーシャンブルー
1209,マックスドリーム
1210,ケイアイチョウサン
1211,コスモファントム
1212,サクラアルディート
1213,ユニバーサルバンク
1214,ミッキーパンプキン
1215,ドリームヒーロー
1216,コスモラピュタ
1217,メイショウサミット
1218,オメガキングティー
1219,ローレルブレット
1220,プレノタート
1221,マイネエポナ
1222,ディープサウンド
1223,ドラゴンライズ
1224,デュリュクス
1225,レオンビスティー
1226,スマートオリオン
1227,ポアゾンブラック
1228,ヤマニンプチガトー
1229,フレデフォート
1230,ラフレーズカフェ
1231,コスモアクセス
1232,ダノンフェアリー
1233,シーブリーズライフ
1234,ジャーエスペランサ
1235,ルリニガナ
1236,トキノエクセレント
1237,スイートジュエリー
1238,タイセイファントム
1239,マルカバッケン
1240,ダッシャーワン
1241,サウンドアクシス
1242,トーホウチェイサー
1243,キョウワマグナム
1244,メイショウツチヤマ
1245,エスケープマジック
1246,ケビンドゥ
1247,リュンヌ
1248,ライズトゥフェイム
1249,マイネルシュライ
1250,ソールデスタン
1251,ナンヨーケンゴー
1252,トルークマクト
1253,ショウナンバーズ
1254,オペラダンシング
1255,グレートマーシャル
1256,ロードエフォール
1257,マイネルストラーノ
1258,モシモシ
1259,マイネルリヒト
1260,ゴーゴーヒュウガ
1261,ネコタイショウ
1262,ヴェルデライト
1263,コスモカンタービレ
1264,ドラゴンフォルテ
1265,ジャンナ
1266,アサクサポイント
1267,キッズアプローズ
1268,ウッドシップ
1269,ブラッシュアップ
1270,コウヨウレジェンド
1271,サトノジュピター
1272,ノーヒッター
1273,パシャドーラ
1274,プリンセスカママル
1275,コスモハヤブサ
1276,インプレザリオ
1277,マイネルスパーブ
1278,メイブリーズ
1279,タイセイポラリス
1280,ジェイド
1281,カーマイン
1282,ゴールデンヒーロー
1283,トーセンセカイオー
1284,ナンヨースラッガー
1285,キングオブフェイス
1286,アルディエス
1287,テーオーストーム
1288,テラノコブラ
1289,ナムラビクター
1290,タイムズアロー
1291,ヴァンヌーヴォー
1292,クリールパッション
1293,チョイワルグランパ
1294,スタッドジェルラン
1295,ゲシュタルト
1296,ダノンスパシーバ
1297,ダノンゴールド
1298,キングオブロー
1299,ワキノキセキ
1300,キャストロメファ
1301,ミッキーオリーブ
1302,マルターズグロウヴ
1303,エキナシア
1304,コスモアンダルシア
1305,クリノタカラチャン
1306,マイネルアイザック
1307,スノードン
1308,リリエンタール
1309,オメガハートロック
1310,リラヴァティ
1311,ケンタッキーミント
1312,スイートガーデン
1313,ホットランナー
1314,マユキ
1315,チャプレット
1316,エバーグリーン
1317,カムイミンタラ
1318,ブライトボーイ
1319,マイネルクレイズ
1320,アンブリッジローズ
1321,ルイーザシアター
1322,リキサンイレブン
1323,ヒカルエリントン
1324,ブリリアントダンス
1325,ウインデスティニー
1326,ミライヘノカゼ
1327,アポロドーロス
1328,ロジキング
1329,インキュベーター
1330,カフェシュプリーム
1331,サウスビクトル
1332,レギス
1333,ローブドヴルール
1334,レッドヴァンクール
1335,トーホウプリンセス
1336,トレボーネ
1337,ノボレインボー
1338,セイルラージ
1339,ルナ
1340,キングレオポルド
1341,セイウンジャガーズ
1342,チャーリーブレイヴ
1343,ティーハーフ
1344,ゴットフリート
1345,エベレストオー
1346,スズジュピター
1347,エアラフォン
1348,フィロパトール
1349,コスモバルバラ
1350,シャドウライフ
1351,エレガンテココ
1352,ダブルオーセブン
1353,コスモバタフライ
1354,ストラスペイ
1355,アースガルド
1356,インダクティ
1357,バシレウス
1358,バッドボーイ
1359,タツミリュウ
1360,マイネマオ
1361,ジェントルマン
1362,ベストディール
1363,タイタン
1364,プレイアンドリアル
1365,アデイインザライフ
1366,アグネスドリーム
1367,アルバート
1368,デリッツァリモーネ
1369,エアアンセム
1370,ホルボッシュ
1371,インステイト
1372,ダイワフェーム
1373,ダノンビーナス
1374,オーゴンチャチャ
1375,ロングシャドウ
1376,ティアップレーヴ
1377,レッドヴィーヴォ
1378,アービバラスボーイ
1379,コスモマートレット
1380,ファーストエバー
1381,メロディフェア
1382,カスティエル
1383,スリーデーモン
1384,エデンロック
1385,マイネイディール
1386,ファンデルワールス
1387,カラダエーピー
1388,リアライズキボンヌ
1389,ユーロビート
1390,ジョウノボヘミアン
1391,カシュカシュ
1392,アナバティック
1393,トーセンベニザクラ
1394,ソムニアシチー
1395,マクベスバローズ
1396,アースザスリー
1397,ピタゴラスコンマ
1398,ディーエスライダー
1399,モスカートローザ
1400,ヒカルデザイアー
1401,リアルフレア
1402,アグネスウイッシュ
1403,テイエムタイホー
1404,ビキニブロンド
1405,ロンド
1406,ダイメイザクラ
1407,レモンチャン
1408,ラディアーレ
1409,ターニングポイント
1410,クリーンエコロジー
1411,ハッピーカオル
1412,エーシンレンジャー
1413,ナガラオリオン
1414,デュアルスウォード
1415,ホクセツダンス
1416,キネオピューマ
1417,アビリティラヴ
1418,フルヒロボーイ
1419,エクセルシオール
1420,ビーナストリック
1421,ルミナスウイング
1422,アルキメデス
1423,ヴェルデグリーン
1424,トウケイヘイロー
1425,ユールシンギング
1426,ナカヤマナイト
1427,カレンミロティック
1428,アユサン
1429,コウユーサムライ
1430,ピュアアイズ
1431,タンブルブルータス
1432,メイショウフォロー
1433,トレノソルーテ
1434,キンショーユウジャ
1435,クレバーアポロ
1436,コーリンハッピー
1437,ガクニホシ
1438,リベルタドーレス
1439,プリティーキャロル
1440,デリケートアーチ
1441,ダイワストリーム
1442,スギノエンデバー
1443,ツインクルスター
1444,アースソニック
1445,ミヤジエムジェイ
1446,ハクサンムーン
1447,ハノハノ
1448,ケイアイアストン
1449,アンバルブライベン
1450,ミッキーナチュラル
1451,ハギノコメント
1452,プレミアムタイム
1453,テンゲントッパ
1454,ウインベルカント
1455,コンプリートゲーム
1456,ビンテージチャート
1457,プラントハンター
1458,スターバリオン
1459,メタギャラクシー
1460,ヴィットリオドーロ
1461,アルムダプタ
1462,ストロングバサラ
1463,トゥザワールド
1464,ワンアンドオンリー
1465,アズマシャトル
1466,サトノロブロイ
1467,ブラックヘブン
1468,イタリアンネオ
1469,ウンプテンプ
1470,テイクエイム
1471,アイアンテール
1472,ディアイレイザー
1473,ハワイアンシュガー
1474,ヒルノケアンズ
1475,カツノセカンド
1476,チャンピオンヤマト
1477,ラインオブナイト
1478,シェアースマイル
1479,セレブリティモデル
1480,ピュアブリーゼ
1481,ニシノミチシルベ
1482,マーブルカテドラル
1483,イスルギ
1484,レインボーラヴラヴ
1485,シニョリーナ
1486,マルクプレンヌ
1487,スカイランナー
1488,カレイファンタジア
1489,ドラゴンビューティ
1490,ハヤブサフィーバー
1491,ヒシワイルド
1492,ショウナンハヤブサ
1493,ミチシルベ
1494,クリーンオトコギ
1495,スマイルオブライフ
1496,テッシン
1497,ジャストフレンズ
1498,タカミル
1499,アポロレジーナ
1500,ブライトシチー
1501,アカンサス
1502,ドリームバスケット
1503,ワキノブレイブ
1504,サワノパンサー
1505,ザラストロ
1506,アロマティコ
1507,ノーブルジュエリー
1508,アグネスワルツ
1509,エディン
1510,サンシャイン
1511,クワイアーソウル
1512,ベルウッドテラス
1513,オーシュペール
1514,ロマンシングジェム
1515,サマーティアラ
1516,トウカイアストロ
1517,ディアビリーヴ
1518,グランマルシェ
1519,グレートチャールズ
1520,ハリケーン
1521,キクノソル
1522,ダイヤノゲンセキ
1523,コウジョウ
1524,スカーレル
1525,バウンスシャッセ
1526,パシフィックギャル
1527,クリスマス
1528,ヴィータアレグリア
1529,ベストリーダー
1530,ミスウインストン
1531,ニシノゲイナー
1532,ファーマジェンヌ
1533,サトノイクシード
1534,グリューネヴォッヘ
1535,マコトギャラクシー
1536,マイネヒメル
1537,キョウエイアシュラ
1538,ノーブルディード
1539,モーリス
1540,シベリアンタイガー
1541,ミッキーデータ
1542,ゴーインググレート
1543,メイショウノーベル
1544,ジャガーバローズ
1545,ビナスイート
1546,モレサンドニ
1547,メイショウジビュス
1548,サウンドカスケード
1549,スズノオオタカ
1550,モエレジュンキン
1551,トップフライアー
1552,ヤマノサファイア
1553,ウインバリアシオン
1554,ラストインパクト
1555,フェノーメノ
1556,アスカクリチャン
1557,ジャガーメイル
1558,アドマイヤフライト
1559,トレイルブレイザー
1560,ダイワアクシス
1561,マグメル
1562,ナスノシベリウス
1563,スズカゲイル
1564,バロンドゥフォール
1565,ニシノジャブラニ
1566,ジェベルムーサ
1567,エーシンゴールド
1568,クリノスターオー
1569,トーセンアレス
1570,シンゲン
1571,バーディバーディ
1572,ミヤジエルビス
1573,モンテネオ
1574,コーリンギデオン
1575,スウェプトアロー
1576,ハナズインパルス
1577,フランキンセンス
1578,フリスコベイ
1579,ニシノボレロ
1580,アドマイヤパーシア
1581,チェイスザゴールド
1582,サンバジーリオ
1583,ユウターウェーヴ
1584,セイコーライコウ
1585,ルチャドルアスール
1586,マッキーコバルト
1587,ブラーニーストーン
1588,バートラムガーデン
1589,マコトナワラタナ
1590,ミッドナイトクロス
1591,ブランダムール
1592,ラーストチカ
1593,ロレーヌクロス
1594,ニュアージゲラン
1595,ロクイチスマイル
1596,セイントチャンス
1597,パワフルラリマー
1598,デルマダイコク
1599,トウショウブーム
1600,ミラクルピッチ
1601,ジャングルターザン
1602,キョウエイラーケン
1603,ウメジマダイオー
1604,ヴェルタート
1605,マリーズミイ
1606,サトノスーペリア
1607,スピナッチ
1608,ビタミンエース
1609,ポメグラネイト
1610,マウントシャスタ
1611,ネオウィズダム
1612,スプラッシュエンド
1613,トリップ
1614,スターマイン
1615,サクラシェンロン
1616,クリノロッキー
1617,ウエスタンムサシ
1618,ダノンフェニックス
1619,トウシンモンステラ
1620,トラストワン
1621,メイショウドンタク
1622,リメインサイレント
1623,イダス
1624,パワースラッガー
1625,スズカカイゼル
1626,ヴィルトグラーフ
1627,オリオンザスター
1628,ヴェイロン
1629,メイショウインロウ
1630,ダイワブレイディ
1631,ショウナンラムジ
1632,タケルハヤテ
1633,デプロマトウショウ
1634,ブリージーデイズ
1635,キングロンシャープ
1636,プレイズエターナル
1637,サイレントソニック
1638,ニンジャ
1639,ヘニーハウンド
1640,サクラアドニス
1641,メモリアルイヤー
1642,アウトクラトール
1643,ヤマニンブルジョン
1644,ヴィクタシア
1645,ジェイケイホーム
1646,ジョバイロ
1647,エーシングリズリー
1648,アントニオピサ
1649,キープインタッチ
1650,アポロマーベリック
1651,コスモソユーズ
1652,メイショウブシドウ
1653,シャイニーブラック
1654,サンレイデューク
1655,オースミムーン
1656,セイエイ
1657,アドマイヤトライ
1658,ボストンプラチナ
1659,スズカマジェスタ
1660,ブラインドサイド
1661,グッドマイスター
1662,コスモマイギフト
1663,スノーモンキー
1664,サトノレオパード
1665,ブレイクチャンス
1666,ブライトポジー
1667,サウンドガガ
1668,コレクターアイテム
1669,レジェトウショウ
1670,アーリーデイズ
1671,ウインフルブルーム
1672,アドマイヤデウス
1673,トーセンスターダム
1674,コウエイワンマン
1675,スズカデヴィアス
1676,タガノグランパ
1677,クリノカンパニー
1678,エリモフェザー
1679,スカイディグニティ
1680,ケイティープライド
1681,エメラルスピード
1682,ビームライフル
1683,ハーキュリーズ
1684,メジャープレゼンス
1685,プレストウィック
1686,レイトライザー
1687,タイセイグルーヴィ
1688,ベルサリエーレ
1689,ミッキースマホ
1690,マイネルクロップ
1691,アドマイヤジャコモ
1692,バンブーリバプール
1693,キャニオンバレー
1694,アイラブリリ
1695,アピア
1696,シャドウウィザード
1697,マイネルミラノ
1698,サトノタイガー
1699,エイシンゴージャス
1700,インペリアルマーチ
1701,ナンチンノン
1702,ダイワレジェンド
1703,レッドグルック
1704,コスモメリー
1705,ストーリーセラー
1706,ソードラック
1707,キネオダンサー
1708,セプテントリオ
1709,バトルジェジェジェ
1710,マイネルヴェルト
1711,ウインミラグロス
1712,ニコールバローズ
1713,ネロ
1714,モズハツコイ
1715,カハラビスティー
1716,エイシンオルドス
1717,マイネルエテルネル
1718,レッドキングダム
1719,ドリームセーリング
1720,ケイアイドウソジン
1721,メイショウヨウドウ
1722,バアゼルリバー
1723,リキアイクロフネ
1724,メジロサンノウ
1725,クリノテンペスタ
1726,プリモンディアル
1727,ゴールドテーラー
1728,フェニーチェ
1729,シュンドルボン
1730,シュピッツェ
1731,リングネブラ
1732,ティアーモ
1733,レッドフォーチュン
1734,ゴーイングパワー
1735,マキャヴィティ
1736,エリアコンプリート
1737,ラピダメンテ
1738,セイラ
1739,レッドレイヴン
1740,スピリタス
1741,コスモオオゾラ
1742,サンマルホウセキ
1743,ボブキャット
1744,クリノハッチャン
1745,ダークマレイン
1746,ゼログラヴィティー
1747,アメリカンダイナー
1748,トーセンマタコイヤ
1749,シャドウダンサー
1750,ルファルシオン
1751,エーシンスピーダー
1752,ロングロウ
1753,ルミナスウォリアー
1754,ドラゴンレジェンド
1755,ウマンマミーア
1756,セイクリッドロード
1757,ミラクルラヴィ
1758,ホワイトマニキュア
1759,ファイアマーシャル
1760,ヴィンセンツイヤー
1761,キングラナキラ
1762,テンミライ
1763,マイネルバランシン
1764,ダイワブレス
1765,ジェンティルドンナ
1766,ゴールドシップ
1767,エピファネイア
1768,サトノノブレス
1769,シンデレラボーイ
1770,カカリア
1771,フルールシチー
1772,モンマックス
1773,ウインネオルーラー
1774,エクセレントピーク
1775,ブリクスト
1776,スズカブレーン
1777,コスモヨハネ
1778,パーティメーカー
1779,アルノルフィーニ
1780,タガノアザガル
1781,フジマサジャンボ
1782,ペイシャオブロー
1783,エムザックサンダー
1784,クリノダイスーシー
1785,コアレスドラード
1786,ベリートゥベリー
1787,パッシングブリーズ
1788,マンリー
1789,チョウテッパン
1790,サウスセレクト
1791,トウカイビジョン
1792,ベリーフィールズ
1793,マルカフリート
1794,エルズミーア
1795,エンキンドル
1796,トウカイエントリー
1797,ナムラショウリ
1798,サトノバセロン
1799,ヤマカツティラノ
1800,オペラハット
1801,デルマハンニャ
1802,エイシンアロンジー
1803,アンプラグド
1804,ディスキーダンス
1805,シークレットパス
1806,キネオワールド
1807,カノン
1808,ファルスター
1809,オソレイユ
1810,マヤノオントロジー
1811,キンシノキセキ
1812,ネオザミスティック
1813,レッドガルシア
1814,エイシンソルティー
1815,メイショウカドマツ
1816,ダノンシンフォニー
1817,ヴァンセンヌ
1818,フルーキー
1819,アンコイルド
1820,マイネルホウオウ
1821,タニノタキシード
1822,アーマークラッド
1823,エルフショット
1824,クリノエリザベス
1825,キャットコイン
1826,ミッキークイーン
1827,ロカ
1828,アンドリエッテ
1829,ロッカフラベイビー
1830,クイーンズターフ
1831,ホワイトウインド
1832,カービングパス
1833,ダノングラシアス
1834,ブルックデイル
1835,ティーズアライズ
1836,ラクアミ
1837,ジュエルクイーン
1838,レッドオリヴィア
1839,ディオジェーヌ
1840,カレンケカリーナ
1841,コスモスターター
1842,ファーゴ
1843,ワールンガ
1844,ゴールデンムーン
1845,テーオーソルジャー
1846,リアルスティール
1847,ドゥラメンテ
1848,アンビシャス
1849,ミュゼエイリアン
1850,ティルナノーグ
1851,コスモナインボール
1852,ショウボート
1853,マイネルサクセサー
1854,シゲルケンカヤマ
1855,ダノンメジャー
1856,キネオイーグル
1857,スギノハルバード
1858,リターントゥジェム
1859,フジマサクラウン
1860,アルマディヴァン
1861,トーセンソレイユ
1862,グランデアモーレ
1863,ウインプリメーラ
1864,ニューダイナスティ
1865,タガノグーフォ
1866,ラブイズブーシェ
1867,ショウリノウタゲ
1868,エンドレストライ
1869,ラブユー
1870,カフェラビリンス
1871,ナスケンリュウジン
1872,ウインヴォイジャー
1873,マジッククレスト
1874,インカンテーション
1875,ローマンレジェンド
1876,サンビスタ
1877,カゼノコ
1878,ハッピースプリント
1879,ヴォルケンクラッツ
1880,レッドサクセサー
1881,ランドマーキュリー
1882,キングズガード
1883,メイショウゾンビ
1884,メイショウワコン
1885,ムスカテール
1886,ヴィクトリースター
1887,ノーステア
1888,アメリ
1889,ベルプラージュ
1890,クレアドール
1891,ピッツネイル
1892,レッドルーファス
1893,ディアマイダーリン
1894,マキシマムドパリ
1895,ウインアキレア
1896,エバーシャルマン
1897,バンゴール
1898,ナガラフラワー
1899,アスカビレン
1900,ゴージャスガール
1901,フロレットアレー
1902,ロックキャンディ
1903,サダムブルーハワイ
1904,グリシーヌシチー
1905,アドマイヤピンク
1906,リアンドジュエリー
1907,タマモボレロ
1908,レッドカーラ
1909,マノワール
1910,サクラルコール
1911,ラストダンサー
1912,タガノプリンス
1913,レンブラント
1914,エイユービリオネア
1915,キョウワリベラル
1916,アドマイヤランディ
1917,ハスラー
1918,タイガーシード
1919,レーヴミストラル
1920,タンタアレグリア
1921,ヴェラヴァルスター
1922,ブラックバゴ
1923,ミュゼダルタニアン
1924,レッドライジェル
1925,ウェスタールンド
1926,レトロロック
1927,ストレンジクォーク
1928,スモークフリー
1929,トーセンアーネスト
1930,マサハヤドリーム
1931,ビクトリーミノル
1932,カカドゥ
1933,センチュリオン
1934,トーセンスパンキー
1935,ジェネシスロック
1936,スウィープアウェイ
1937,レッドジョーカー
1938,オーネットサクセス
1939,サダムコーテイ
1940,トウショウハマー
1941,フリートストリート
1942,ディープジュエリー
1943,トーセンナチュラル
1944,テルメディカラカラ
1945,ブルローネ
1946,ダイワミランダ
1947,ゴールデンハープ
1948,エクストラファイン
1949,エバーキュート
1950,エヴァンジル
1951,ギンザヴィクトリア
1952,ヤマカツポセイドン
1953,ツクバホシノオー
1954,メイショウビザン
1955,ケツァルコアトル
1956,オリハルコン
1957,スリータイタン
1958,リゼコーフィー
1959,グレートヴァリュー
1960,ヤマニンボワラクテ
1961,テスタメント
1962,プランスペスカ
1963,タガノレイヨネ
1964,ケツァルテナンゴ
1965,ムーンクレスト
1966,オールマンリバー
1967,バイガエシ
1968,ロードフェリーチェ
1969,サトノアッシュ
1970,ラブユアマン
1971,ジュヒョウ
1972,タケルラムセス
1973,ダッシングブレイズ
1974,カルナヴァレスコ
1975,フォワードカフェ
1976,シーサイドジャズ
1977,マルターズアポジー
1978,オメガゴールドレイ
1979,フェリーチェレガロ
1980,サンレーン
1981,ネヴァーハーツ
1982,マルシアーノ
1983,デザートオブムーン
1984,レッドセイリング
1985,ハッピーチャート
1986,トウカイメリー
1987,レイヨンヴェール
1988,エドノプリンセス
1989,ショウナンアズサ
1990,トキノセレブ
1991,ソリタリーキング
1992,レッドグランザ
1993,ブルーチッパー
1994,アルビアーノ
1995,ミュゼスルタン
1996,グランシルク
1997,ヤングマンパワー
1998,フミノムーン
1999,アルマワイオリ
2000,ヤマカツエース
2001,クールホタルビ
2002,ナイトフォックス
2003,レンイングランド
2004,マテンロウハピネス
2005,コアレスキング
2006,フミノファルコン
2007,ゴールドシェンロン
2008,セクシーボーイ
2009,ケッキセヨ
2010,アートフェスタ
2011,クラウンレガーロ
2012,ダンスアミーガ
2013,ダンスディレクター
2014,バクシンテイオー
2015,メガオパールカフェ
2016,ヤンキーソヴリン
2017,マーブルケーキ
2018,ロックシンガー
2019,ノンコノユメ
2020,アルタイル
2021,アキトクレッセント
2022,ノボバカラ
2023,トゥルッリ
2024,モズライジン
2025,タマノブリュネット
2026,イーデンホール
2027,アポロケンタッキー
2028,タガノクレイオス
2029,ニホンピロサンダー
2030,オメガハイヌーン
2031,レッドリヴェール
2032,ヌーヴォレコルト
2033,ハナズゴール
2034,リトルゲルダ
2035,タガノエトワール
2036,グレナディアーズ
2037,シュテルングランツ
2038,グランフィデリオ
2039,ダノンミシガン
2040,キングストーン
2041,ショウナンマルシェ
2042,ロードハリケーン
2043,ハギノタイクーン
2044,イントレピッド
2045,マンゴジェリー
2046,リターンストローク
2047,マーセラス
2048,アースプレイ
2049,ベラフォレスタ
2050,ダイワコンプリート
2051,キングナポレオン
2052,ラドゥガ
2053,ナリノネーヴェ
2054,クラシックマーク
2055,シャドウリーフ
2056,シングンパワー
2057,クラウンジューン
2058,アイライン
2059,ロマネクイーン
2060,マリオーロ
2061,アポロパレス
2062,メイショウオオゼキ
2063,キングクリチャン
2064,エクスクライム
2065,ロンギングケイシー
2066,サンライズメジャー
2067,ワンダーアベニール
2068,インパラトール
2069,ベニノアロー
2070,ヒカルソラフネ
2071,サングラス
2072,トーセンターキー
2073,ワンダーコロアール
2074,エルゴレア
2075,カシノレント
2076,アラマサクロフネ
2077,フィフスセント
2078,マンハッタンヘンジ
2079,ラミーロ
2080,ブルーヴァルキリー
2081,イタリアンフェッテ
2082,ウエスタンニンジャ
2083,ウエスタンパレス
2084,マンドレイク
2085,カシノシュウセイ
2086,ゴールドベル
2087,トーキングドラム
2088,ダイシンサンダー
2089,フロアクラフト
2090,エンドレスノット
2091,アドマイヤイナズマ
2092,カーバ
2093,パイメイメイ
2094,メイショウカノン
2095,サムライノモン
2096,カネータ
2097,ヴェイルドスケール
2098,ディアドナテロ
2099,ソワンドタイガー
2100,スズカプリオール
2101,ドンビザッツウェイ
2102,ニシノイナズマ
2103,ツインプラネット
2104,バルバドスブルー
2105,ファミーユ
2106,ブリッツ
2107,ライブリシュネル
2108,ディアポジション
2109,リックバナード
2110,メドウラーク
2111,マサノグリンベレー
2112,フィラーレ
2113,トミケンキルカス
2114,ノーモアベット
2115,ゴールドリーガル
2116,キザシ
2117,アペルトゥーラ
2118,ウォースピリッツ
2119,タイザンホクト
2120,アスキットキング
2121,オトコギイッポン
2122,ブライティアミル
2123,マッサビエル
2124,アドマイヤカーリン
2125,ゴールデンバローズ
2126,ブチコ
2127,マイネルオフィール
2128,クワドループル
2129,ミッキーシーガル
2130,ラインルーフ
2131,ダイワインパルス
2132,タップザット
2133,ピンストライプ
2134,ダノングッド
2135,ロジチャリス
2136,ダークファンタジー
2137,モンテエベレスト
2138,スターファセット
2139,クインズラピス
2140,ダブルコーク
2141,ガンマーフォンテン
2142,ディリジェンテ
2143,キングデュナミス
2144,ジャストサウンド
2145,ラスヴェンチュラス
2146,エスオンマイチェス
2147,ブリリアントアスク
2148,コリーヌ
2149,ファンシーリシェス
2150,クラシコ
2151,ロッカバラード
2152,コスモドーム
2153,セラフィーナ
2154,ファイナルブロー
2155,スズトラッド
2156,カシノトラダマシイ
2157,アジアンテースト
2158,ナムライチバンボシ
2159,トーセンミッション
2160,スールキートス
2161,ダンツカナリー
2162,ワタシダイナマイト
2163,ニットウスバル
2164,アキトフォルテ
2165,マリカ
2166,ダイチヴュルデ
2167,ペリーホワイト
2168,サンタナブルー
2169,ハナズウェポン
2170,ステラルーチェ
2171,スズノライジン
2172,アルター
2173,メジャーステップ
2174,キズナエンドレス
2175,ポトマックリバー
2176,ディープストーリー
2177,ブレイブスマッシュ
2178,イモータル
2179,アストラエンブレム
2180,リセエンヌ
2181,ハレルヤボーイ
2182,シトロン
2183,トウショウドラフタ
2184,クラウンスカイ
2185,ゴッドカリビアン
2186,マコトルーメン
2187,コスモプロテア
2188,アポロジョージア
2189,タイセイプレシャス
2190,トウショウカウント
2191,ダイメイリシャール
2192,アサクサレーサー
2193,シゲルハダカマツリ
2194,スレッジハンマー
2195,セイウンアワード
2196,サクラエルカミーノ
2197,オーロラッシュ
2198,オベリスク
2199,スイフトフォンテン
2200,ゴーアップファイト
2201,ドリームメモリー
2202,カンタベリーヒメ
2203,ヘレン
2204,メイショウオセアン
2205,アンリヴィールド
2206,ダノンクリエーター
2207,マーティンボロ
2208,イクラトロ
2209,アグスタ
2210,シュナップス
2211,ノーフェイト
2212,スマートレパード
2213,トゥインクル
2214,ショウナンバッハ
2215,エーシングングン
2216,ワールドレーヴ
2217,グレイスフルリープ
2218,マダムジルウェット
2219,ハートフルデイズ
2220,パープルセイル
2221,ビーウィッチド
2222,フクノグローリア
2223,ラムレイ
2224,モルーア
2225,ヤギリヴィーナス
2226,サクラヴィオーラ
2227,テンテマリ
2228,シャドウスペル
2229,セイリングデイ
2230,フェアラフィネ
2231,ハルズハッピー
2232,イリュミナンス
2233,ラブミークン
2234,グレイスフルデイズ
2235,ディアゴッホ
2236,ドラゴンゲート
2237,スズカアーサー
2238,ヒカルランナー
2239,リアライズブラザー
2240,カンデラ
2241,セイカアヴァンサ
2242,タンジブル
2243,ティーポイズン
2244,プリンスダム
2245,メイショウサリマン
2246,アイアイエンデバー
2247,トミケンシャルゴー
2248,マルマロス
2249,モルダバイト
2250,ハーストイーグル
2251,ヒストリカル
2252,タガノザイオン
2253,ラッフォルツァート
2254,ダノンシーザー
2255,モーニン
2256,ヒルノデイバロー
2257,ロードフォワード
2258,ダノンプラチナ
2259,アルバタックス
2260,グラスエトワール
2261,ボーンレジェンド
2262,シュウギン
2263,ショウナンカサロ
2264,スノーレパード
2265,ラスパジャサーダス
2266,ノーブルヴィーナス
2267,シャンパンルージュ
2268,ルミナスパレード
2269,スミデロキャニオン
2270,ネオリアリズム
2271,トウシンイーグル
2272,ティアップゴールド
2273,ダイワエキスパート
2274,ロジダーリング
2275,ファイヤーロック
2276,エーシンザヘッド
2277,ポセイドンバローズ
2278,デンコウアンジュ
2279,メジャーエンブレム
2280,クロコスミア
2281,ペプチドサプル
2282,ウインファビラス
2283,エスティタート
2284,カイザーバル
2285,ウインクルサルーテ
2286,トモジャクール
2287,テイケイレーヴ
2288,ジープルメリア
2289,クナウ
2290,ビービーバーレル
2291,マシェリガール
2292,ウインオリファン
2293,アサマ
2294,コンドルヒデオ
2295,ブルーミーフラワー
2296,スマートダイバー
2297,エジル
2298,ミッキージョイ
2299,ヴァッハウ
2300,ギンガメテオール
2301,セイウンオセアン
2302,ウエスタンゼウス
2303,トーホウストロング
2304,ダイヤモンドダンス
2305,ボールライトニング
2306,アドマイヤモラール
2307,シャドウアプローチ
2308,レッドラウダ
2309,オデュッセウス
2310,トップライセンス
2311,サイモンゼーレ
2312,フジマサアクトレス
2313,ヒルダ
2314,ボーダレス
2315,モーゼス
2316,キングライオン
2317,レッドカーペット
2318,フリームーヴメント
2319,マザックヤース
2320,コマノドリーム
2321,アンナトルテ
2322,ステージジャンプ
2323,ビリオネア
2324,メイショウスミトモ
2325,メイショウロフウ
2326,フラガラッハ
2327,アキノアッパー
2328,チェリーサマー
2329,グラスルノン
2330,バコパ
2331,トータルヒート
2332,ビヨンジオール
2333,シルヴァーグレイス
2334,アドマイヤゴッド
2335,ゼンノコリオリ
2336,イッテツ
2337,シンボリタピット
2338,タカラジェニファ
2339,オーブルチェフ
2340,ホスト
2341,エイシンバランサー
2342,クーゲル
2343,ブルームーン
2344,リッシンロケット
2345,サンマディソン
2346,カシノインカローズ
2347,ブラヴィッシモ
2348,ファントムロード
2349,ラインスピリット
2350,サンブルエミューズ
2351,シャトルアップ
2352,メイショウライナー
2353,マヤノリュウジン
2354,ダイワバロニス
2355,ソルティコメント
2356,フクノグリュック
2357,クロフネビームス
2358,キーブランド
2359,オリアーナ
2360,ラテラス
2361,キャプテンシップ
2362,スラリーアイス
2363,ウインスペクトル
2364,インナーアージ
2365,シルクブルックリン
2366,イメージガール
2367,エルヴィスバローズ
2368,ビップレボルシオン
2369,レジェンドロック
2370,サトノメサイア
2371,タイキプレミアム
2372,ベック
2373,ニシノラピート
2374,ハイアーヴォルト
2375,ジェットコルサ
2376,コスモキーマン
2377,コンテッサトゥーレ
2378,トーセンビクトリー
2379,シンジュボシ
2380,レッドキャンティー
2381,カジキ
2382,キングカラカウア
2383,オンタケハート
2384,ホッコーアムール
2385,ラインハート
2386,ハナフブキ
2387,レーヌドブリエ
2388,フェブノヘア
2389,タイセイララバイ
2390,ネオヴィクトリア
2391,セトノフラッパー
2392,ゴールドシャンティ
2393,レオフラッパー
2394,スマートオーディン
2395,プロディガルサン
2396,マイネルラフレシア
2397,キラージョー
2398,タイセイサミット
2399,アグレアーブル
2400,ロスカボス
2401,レインボーライン
2402,ダイワリアクション
2403,カミノライデン
2404,シルヴァーコード
2405,インストアイベント
2406,プルガステル
2407,コスモイノセント
2408,ダイワズットラブ
2409,ジャストフォーユー
2410,レッドブラッサム
2411,ワラッチャオ
2412,ムーンドロップ
2413,ブライトアイディア
2414,タマモネイヴィー
2415,キャンバス
2416,ミッキーオリビエ
2417,ガルボ
2418,マイアベーア
2419,マイネルエスパス
2420,トーセンラムセス
2421,ヤマニンマンドール
2422,テーオートマホーク
2423,チェネレントラ
2424,エイムハイ
2425,ルグランパントル
2426,パッションダンス
2427,メイショウナルト
2428,オオタニジムチョウ
2429,レッドシャンクス
2430,メイショウツガル
2431,アンヴァルト
2432,トキノゲンジ
2433,シゲルアセロラ
2434,ダノンマッキンレー
2435,マイネサヴァラン
2436,エンプレスラブ
2437,ブルーストーン
2438,トレクァルティスタ
2439,アーカイブ
2440,コスモユウチャン
2441,インストレーション
2442,スズカホープ
2443,ストロングサウザー
2444,マルーンドロップ
2445,クリアーパッション
2446,ミナスジェライス
2447,ウインミーティア
2448,マーチャンテイマー
2449,タガノゴールド
2450,インスペード
2451,ワキノコクリュウ
2452,サクセスフィリア
2453,タカミツスズラン
2454,リバティーホール
2455,スズカヴァンガード
2456,サクラボールド
2457,アロヒラニ
2458,ノットフォーマル
2459,ローデッド
2460,コートシャルマン
2461,ハナズプルメリア
2462,オーミアリス
2463,マラケシュ
2464,ヤマタケマツリ
2465,トラストレイカ
2466,ハツガツオ
2467,イオラニ
2468,コーラルタワー
2469,レインオーバー
2470,ヘレナモルフォ
2471,モモトンボ
2472,ハッピーセーラー
2473,ランリョウオー
2474,キョウエイストーム
2475,ベルーフ
2476,クルーガー
2477,ダノンリバティ
2478,ナスノセイカン
2479,ザイディックメア
2480,バルビエール
2481,ブライトバローズ
2482,レオニーズ
2483,ダークサイド
2484,ゴールドメイン
2485,マイネルナタリス
2486,レッドレイラ
2487,ディアイッセイ
2488,アサクサベルーガ
2489,シベリアンスオード
2490,セイウンチカラ
2491,エトルアンフルール
2492,アグネスチャンス
2493,シャラク
2494,リッカルド
2495,スプリングシーズン
2496,バンスタンウォルツ
2497,サザンブレイズ
2498,エイシンパラダイス
2499,ロトラトゥール
2500,キーパップ
2501,リアルモード
2502,フレンチトースト
2503,エバーダンシング
2504,ラブミーブルー
2505,ワイドエクセレント
2506,ワディ
2507,ナリタシーズン
2508,シュトラール
2509,タガノミューチャン
2510,クリスワールド
2511,ゼンノルジェロ
2512,エビスグレイト
2513,コクリュウノマイ
2514,クリームソーダ
2515,エアラギオール
2516,ダッシャーゴーゴー
2517,フギン
2518,タッチシタイ
2519,セトアロー
2520,レッドグラサージュ
2521,チュウワベイビー
2522,セレブレートサマー
2523,セブンフォース
2524,チェスナットバロン
2525,セイスコーピオン
2526,アテンファースト
2527,クリノアマダブラム
2528,ブライトエンブレム
2529,タガノエスプレッソ
2530,トーセンバジル
2531,シャイニングレイ
2532,コメート
2533,ベルラップ
2534,カピオラニパレス
2535,ピクシーホロウ
2536,レイズアスピリット
2537,メジャーフォルム
2538,パイナワレア
2539,アンブリカル
2540,パセンジャーシップ
2541,バリアーモ
2542,ダイワバーチュー
2543,タマモイヤリング
2544,メイショウサワヤカ
2545,クイーンマグノリア
2546,ウインバニラスカイ
2547,レッドダニエル
2548,シゲルホウオウザ
2549,モリトハリウッド
2550,ディプロムソング
2551,トゥールモンド
2552,サクセスコード
2553,コスモセキトバ
2554,ビリーヴザワン
2555,ソアリングホーク
2556,スペクタキュラー
2557,リアルエンブレム
2558,マイネルボルソー
2559,コスモラヴモア
2560,マイネルマルシェ
2561,スターライラック
2562,ダノンバトゥーラ
2563,エクストラゴールド
2564,マヤノクレド
2565,アースライズ
2566,ジャポニカーラ
2567,ティーエスクライ
2568,ジュエルメーカー
2569,ホワイトエレガンス
2570,カゼルタ
2571,ココ
2572,エグランティーナ
2573,アフェクシオン
2574,サトノフラリッシュ
2575,ホワイトフーガ
2576,レイアロハ
2577,ドレッドノート
2578,キタサンブラック
2579,ベストミックス
2580,ゼンノヒストリエ
2581,ティップトップ
2582,ヒカリマサムネ
2583,エストゥペンド
2584,ジャコカッテ
2585,タイキガラハッド
2586,ランドクイーン
2587,ペイシャモンシェリ
2588,タイセイマスタング
2589,グランプリナイト
2590,サウンズオブアース
2591,マイネルシャルフ
2592,カネコメオスター
2593,ラディウス
2594,ブロードスター
2595,ランフォルセ
2596,エイシンラナウェー
2597,ウェイトアンドシー
2598,ブラボーランサー
2599,エタンダール
2600,サトノデプロマット
2601,ストロングロビン
2602,アットウィル
2603,オレニホレルナヨ
2604,エムエムアリオーン
2605,スズカオーショウ
2606,ハルコマチ
2607,アフリカンブルー
2608,ファンファーレ
2609,タイキマーシャ
2610,ペイシャンスゼータ
2611,ヴェンセール
2612,エターナルスター
2613,クロスクリーガー
2614,リアファル
2615,アンヴァリッド
2616,カラパナビーチ
2617,ペプチドウォヘッド
2618,ノースランドボーイ
2619,カフジテイク
2620,タケルオウジ
2621,メイショウトキムネ
2622,ジャイアントリープ
2623,ダイトウキョウ
2624,ルナプロスペクター
2625,エイシンライダー
2626,アスカクイン
2627,ジャストヴィークル
2628,ローズマンブリッジ
2629,サウンドバラッド
2630,サカジロロイヤル
2631,コリンブレッセ
2632,ヴァーノン
2633,キンシザイル
2634,アラタマシャトル
2635,ネイティヴコード
2636,プロスパー
2637,タマラマ
2638,アップトゥデイト
2639,ソンブレロ
2640,ティリアンパープル
2641,ビコーピリラニ
2642,ミヤコデラックス
2643,サンマルボス
2644,カントリースノー
2645,ショウナンカミング
2646,テンジンキヨモリ
2647,シンボリハミルトン
2648,ヴィスビー
2649,スピリッツミノル
2650,ワンダーアツレッタ
2651,ゴーイングベル
2652,ワイドリーザワン
2653,クインズミラーグロ
2654,ウインマハロ
2655,レトロクラシック
2656,アイノカケハシ
2657,トラストルシファー
2658,スマイルミーティア
2659,モアニレフア
2660,サダムリスペクト
2661,タタラ
2662,シゲルカゼノボン
2663,サンタレジーナ
2664,ラトゥール
2665,テセラレフィナード
2666,ドリームマークス
2667,フクノドリーム
2668,サンライズネガノ
2669,テイクファイア
2670,タマモトッププレイ
2671,プロファウンド
2672,アンジェリー
2673,カイマノア
2674,ランバイワイルド
2675,トップアドバンス
2676,タイセイアニマート
2677,キービスケット
2678,ハツコイ
2679,パラダイスガーデン
2680,ピュアリーソリッド
2681,スズカプリティー
2682,バルブランシュ
2683,シップウ
2684,ヒデノインペリアル
2685,オーゴンマリア
2686,レディーピンク
2687,サンクタリリアス
2688,プラントアゲン
2689,ジャスティシア
2690,フレックスハート
2691,サクラフローラ
2692,フローラルダンサー
2693,ユキノマルガリータ
2694,ダイワコンシード
2695,デルマキャッツアイ
2696,テイア
2697,ガスター
2698,サザナミ
2699,アスペンサミット
2700,スーパーアース
2701,クラウンカイザー
2702,レヴァンタール
2703,オーガンディー
2704,アドマイヤブルー
2705,サウスキング
2706,マコトカンパネッロ
2707,バーニングハート
2708,ハリケーンリリー
2709,カウンターハッセキ
2710,インペリアルブルー
2711,カシノキングダム
2712,レガリアシチー
2713,クールアンジュ
2714,アトランタ
2715,ジョーチャーリー
2716,ジュンツバサ
2717,ウイングチップ
2718,サトノラーゼン
2719,ブランドベルグ
2720,ミュゼゴースト
2721,ロッカフェスタ
2722,トミケンスラーヴァ
2723,ブレイクザポケット
2724,ニシノオタケビ
2725,ムーンマジェスティ
2726,トーセンペンタゴン
2727,ココスタイル
2728,ナリノパシオン
2729,ウインセイヴィア
2730,パワーポケット
2731,メイプルレインボー
2732,サヴァティアーノ
2733,ロードシャリオ
2734,サンライズホーム
2735,アブマーシュ
2736,マルヨバクシン
2737,プリンセスムーン
2738,クリノコマチ
2739,サビーナクレスタ
2740,ツウローゼズ
2741,スマイルハッピー
2742,ウエスタンユーノー
2743,セイクラベ
2744,ザショットアロー
2745,セカイノカナ
2746,オージーアイドル
2747,デルマオソマツ
2748,イレプレイスブル
2749,アドマイヤコリン
2750,ピュアノアール
2751,サトノプレジデント
2752,カロッサル
2753,プレシャスルージュ
2754,スマートアヴァロン
2755,スペルオンミー
2756,エアルプロン
2757,ウインオベロン
2758,スズカロードスター
2759,イアペトス
2760,ツクバインパクト
2761,デュナトス
2762,エイシンスペーシア
2763,ベニノラッキーマン
2764,ダンガンコゾウ
2765,ロードスウィープ
2766,モルジアナ
2767,タガノヴェルリー
2768,メランコリア
2769,キープレイヤー
2770,ファインスカイ
2771,ルージュロワイヤル
2772,ナリタモード
2773,マートンパーク
2774,スモーダリング
2775,ゴッドフロアー
2776,ユキノサムライ
2777,キャンベルジュニア
2778,サウンドバーニング
2779,ニーマルキング
2780,オコレマルーナ
2781,カバーストーリー
2782,サトノキングリー
2783,ウインインスパイア
2784,テンカイチ
2785,ポルトボナール
2786,エニグマバリエート
2787,ポーラメソッド
2788,ブルーホール
2789,ヒロノプリンス
2790,ブリュネット
2791,ミリオンヴォルツ
2792,エイシンヴァラー
2793,コティニャック
2794,マイネルサージュ
2795,プレシャスメイト
2796,シャインアロー
2797,ハッピームーン
2798,エアピザレー
2799,キングイマデショウ
2800,エムオーハンター
2801,ブルドッグボス
2802,マルヴァーンヒルズ
2803,アースゼウス
2804,ペルフィカ
2805,サンクボヌール
2806,シゲルシチフクジン
2807,ローズミラクル
2808,イエスイットイズ
2809,サンシカゴ
2810,マジックシャトル
2811,マデイラ
2812,エイコーンパス
2813,サナシオン
2814,ダンツミュータント
2815,オジュウチョウサン
2816,アシュヴィン
2817,ウォンテッド
2818,マキオボーラー
2819,タマモショパン
2820,シゲルキョクチョウ
2821,ウインアルザス
2822,ルージュバック
2823,ヒットザターゲット
2824,アルティマブラッド
2825,クリノスイートピー
2826,ヤマニンマルキーザ
2827,スマートエビデンス
2828,スプリングサヴァン
2829,ビットスターダム
2830,スリーアルテミス
2831,ドーヴァー
2832,シゲルノコギリザメ
2833,キングハート
2834,ソロフライト
2835,マテラアリオン
2836,コージェント
2837,ショウナンライズ
2838,カスクストレングス
2839,マコトギンスバーグ
2840,ジュエルプラネット
2841,サンマルティン
2842,ダイワスキャンプ
2843,タピゴン
2844,ストリートオベロン
2845,トーホウスマート
2846,メラグラーナ
2847,マイネルネーベル
2848,サンソヴール
2849,クラシックメタル
2850,ポムフィリア
2851,レッドルモンド
2852,レッドマジュール
2853,グランアルマダ
2854,ルルーシュ
2855,ブラゾンドゥリス
2856,シーリーヴェール
2857,オケアノス
2858,ソルプレーサ
2859,シークロム
2860,ボルドネス
2861,コスモボアソルテ
2862,フロンテアクイーン
2863,ロッテンマイヤー
2864,ダイワドレッサー
2865,ラブリーアモン
2866,ナックビーナス
2867,エクラミレネール
2868,ルフォール
2869,ペルソナリテ
2870,ストライクショット
2871,サプルマインド
2872,コパノマリーン
2873,スマートラファエル
2874,パッショネイトラン
2875,カレングラスジョー
2876,エグランティエ
2877,クワッドアクセル
2878,アンタラジー
2879,ディーマジェスティ
2880,メートルダール
2881,リスペクトアース
2882,ファイアクリスタル
2883,キングオブアームズ
2884,ピックミータッチ
2885,ハートレー
2886,ダンディーアロー
2887,アバオアクー
2888,エメラルエナジー
2889,ルールソヴァール
2890,デビルズハーツ
2891,モンドインテロ
2892,ハドソンヤード
2893,アウトオブシャドウ
2894,パドルウィール
2895,アングライフェン
2896,タイセイアプローズ
2897,アッシュゴールド
2898,アスカノロマン
2899,モンドクラッセ
2900,スーサンジョイ
2901,マッチレスヒーロー
2902,ナンゴクロマンス
2903,リターンラルク
2904,ウインバローラス
2905,エイシンバッケン
2906,パイロキネシスト
2907,ノースヒーロー
2908,アチーヴ
2909,サンライズカラー
2910,ラインフェルス
2911,メイショウフェイク
2912,メテオライト
2913,サクセスラディウス
2914,チェッキーノ
2915,パールコード
2916,アウェイク
2917,ビッシュ
2918,クィーンズベスト
2919,ゲッカコウ
2920,トウカイシェーン
2921,シャララ
2922,バレエダンサー
2923,エマノン
2924,ショコラーチ
2925,シークザフューチャ
2926,エルビッシュ
2927,ブルーオリエント
2928,ユキノカトレア
2929,タンスチョキン
2930,サンマルアリュール
2931,ボストンサクラ
2932,エアカミュゼ
2933,ヴァンキッシュラン
2934,レッドエルディスト
2935,レーヴァテイン
2936,ラヴアンドポップ
2937,ノーブルマーズ
2938,マイネルハニー
2939,アルカサル
2940,フレンドミラクル
2941,ドンチャブ
2942,タンサンドール
2943,キタサンサジン
2944,プレフェリート
2945,ゼアミ
2946,ケンブリッジゼウス
2947,サニーデイズ
2948,タケルラグーン
2949,ジェラシー
2950,フロムマイハート
2951,コルコバード
2952,フェイズベロシティ
2953,サクレディーヴァ
2954,シンシアズブレス
2955,カマクラ
2956,ギモーヴ
2957,リルティングインク
2958,アオイサンシャイン
2959,カジノブギ
2960,クリノサンスーシ
2961,アグネスフェアリー
2962,ラインセイラ
2963,スマートアリシア
2964,クールエイジア
2965,ヴィンテージドール
2966,ルアノヴァ
2967,チャオ
2968,アジュールローズ
2969,ゼーヴィント
2970,ピースマインド
2971,シャリオヴァルト
2972,プランスシャルマン
2973,オンザロックス
2974,ヒルノマゼラン
2975,オーダードリブン
2976,ウォーターシャウト
2977,エフティスパークル
2978,ミエノドリーマー
2979,アラバスター
2980,エディクト
2981,ショパン
2982,アシュワガンダ
2983,ビスカリア
2984,ピンクシャドウ
2985,ベーリングメファ
2986,ハッピーエム
2987,クリッパールート
2988,ザマンダ
2989,ゲットクローサー
2990,フィエルテ
2991,モルトベーネ
2992,サージェントバッジ
2993,キングノヨアケ
2994,ロードクエスト
2995,ダンツプリウス
2996,ハクサンルドルフ
2997,ブランボヌール
2998,ストーミーシー
2999,シュウジ
3000,カネノイロ
3001,アーバンキッド
3002,ティソーナ
3003,コロマンデル
3004,プエルト
3005,ウサギノカケアシ
3006,デルマアラレチャン
3007,プレミオテーラー
3008,セイントバローズ
3009,サーストンコラルド
3010,エイシンスパルタン
3011,ヴェルステルキング
3012,エンクエントロス
3013,ナスカザン
3014,ジェイケイライアン
3015,シャドウチェイサー
3016,グレンツェント
3017,アルーアキャロル
3018,キョウエイギア
3019,ダノンフェイス
3020,ヴェゼール
3021,タイニーダンサー
3022,ツーエムレジェンド
3023,スズカミラージュ
3024,マイネルビクトリー
3025,ビービーサレンダー
3026,コウエイエンブレム
3027,オーマイガイ
3028,クイーンズリング
3029,ショウナンアデラ
3030,ティンバレス
3031,モアニケアラ
3032,コパノチャーリー
3033,テーオービックバン
3034,クラウンシャイン
3035,ディアドムス
3036,シャトーウインド
3037,チェルカトーレ
3038,ウインレナータ
3039,クリノダイシャリン
3040,ナムラマサシゲ
3041,オーマイホース
3042,ステラレガーロ
3043,スミレタンポポ
3044,ビービーオドラント
3045,サダムフジコ
3046,ケンブリッジヒカリ
3047,カトルラポール
3048,ワンスインナムーン
3049,クードラパン
3050,ネバーリグレット
3051,ヴィクタープライム
3052,コンテントメント
3053,ベストマッチョ
3054,エターナルヒーロー
3055,コピーライター
3056,ライブリシーラ
3057,サトノバリアント
3058,サンタエヴィータ
3059,ワトソンクリック
3060,ケイツートール
3061,レオナビゲート
3062,オールブラックス
3063,ナムラバイオレット
3064,リヴィエール
3065,ポートレイト
3066,トウカイマインド
3067,ルールザユニバース
3068,クリノチョモラーリ
3069,ローレルジャック
3070,グランリゲル
3071,カゼニモマケズ
3072,ホホエムオンナ
3073,セウアズール
3074,アルバートドック
3075,イダクァイマ
3076,ベルウッドケルン
3077,ヨクエロマンボ
3078,ネコダンサー
3079,キータイプ
3080,ワイルドダンサー
3081,フジマサスペシャル
3082,ノーブルクリスタル
3083,サノマル
3084,アンリキャトル
3085,モンスターキング
3086,レディー
3087,エーシンマックス
3088,アドマイヤオウジャ
3089,キングズミッション
3090,ダンスールクレール
3091,サマーラヴ
3092,アポロナイスジャブ
3093,アイソレーション
3094,アスタリスク
3095,リムショット
3096,ジェントルジャック
3097,ワンダービゴローソ
3098,シーブリーズラブ
3099,ニシノプレシャス
3100,クラシックシャトル
3101,アサクサスターズ
3102,ダイシンロイ
3103,ゴールドドリーム
3104,ストロングバローズ
3105,ピットボス
3106,クインズサターン
3107,レッドウィズダム
3108,イーグルフェザー
3109,マイネルバサラ
3110,ノーモアゲーム
3111,ヒロブレイブ
3112,ヤマイチジャスティ
3113,ピュアコンチェルト
3114,スミレ
3115,サバンナロード
3116,クインズサン
3117,カワキタピリカ
3118,ミラクルナイト
3119,ポントス
3120,オーバーウェルム
3121,サイモングレゴリー
3122,サンセットトウホク
3123,シゲルミマサカ
3124,ブレイヴリー
3125,オルレアンローズ
3126,ワンブレスアウェイ
3127,エピックマジック
3128,サーストンアクセス
3129,ハヤブサライデン
3130,ナンヨーアミーコ
3131,メイスンスパート
3132,ドルメロ
3133,ロードアルティスタ
3134,ブレヴェスト
3135,ラタナキリ
3136,ルノートル
3137,オーシャンビュー
3138,スリラーインマニラ
3139,スティンライクビー
3140,ノーブルサンズ
3141,デピュティプライム
3142,メジャータイフーン
3143,ミッキーラブソング
3144,ゼウス
3145,クラウンジーニアス
3146,マツリダバッハ
3147,コパノハミルトン
3148,トレモロアーム
3149,ファーストオーサー
3150,トレジャーマップ
3151,サブライムカイザー
3152,ステイブラビッシモ
3153,リノリオ
3154,マイネルカレッツァ
3155,カルシャン
3156,エアポートメサ
3157,ブレスジャーニー
3158,ダンビュライト
3159,クライムメジャー
3160,ウィンドライジズ
3161,バリンジャー
3162,セイウングロリアス
3163,ロジムーン
3164,サクセスムーン
3165,シャイニードライヴ
3166,スナッチアキス
3167,アキノバレリーナ
3168,ゴールデンレッグ
3169,インスタイル
3170,トブガゴトク
3171,ヒメスズラン
3172,ビバラビダ
3173,アーバンスター
3174,サマニー
3175,コスモアリエス
3176,プレスティージオ
3177,サウススターマン
3178,キリシマオジョウ
3179,レッドゲルニカ
3180,ラディカル
3181,タイセイスペリオル
3182,ワンパーセント
3183,ウィズエモーション
3184,アドマイヤシェル
3185,ハッピーモーメント
3186,ディーズプラネット
3187,アドヴェントス
3188,ラベンダーメモリー
3189,レッドベリンダ
3190,ブライティアスター
3191,アイスコールド
3192,ホーリーシュラウド
3193,ルーレットクイーン
3194,ラペルトワ
3195,アドラビリティ
3196,ゴールドミライ
3197,キャンディキー
3198,サンシャインベビー
3199,クレアーリヒ
3200,ロイヤルストリート
3201,ペイシャフェリシタ
3202,セイウンコウセイ
3203,ブラックジョー
3204,サトノファンタシー
3205,トーコーグリーン
3206,ヒプノティスト
3207,トキノシップー
3208,ネオビッグバン
3209,キャプテンペリー
3210,メイショウヒコボシ
3211,トウケイウイン
3212,アルジャンテ
3213,スターオブペルシャ
3214,ヨイミヤ
3215,メンデンホール
3216,ニシノジャーニー
3217,パーリオミノル
3218,ドリームキラリ
3219,ポイントブランク
3220,マヤノカデンツァ
3221,ブラックムーン
3222,ブラックスピネル
3223,テイエムイナズマ
3224,ヨシオ
3225,ブルミラコロ
3226,ケンコンイッテキ
3227,サウンドジャンゴ
3228,クリムゾンバローズ
3229,タイセイラルーナ
3230,ドライヴナイト
3231,ディスティンダリア
3232,ミツバ
3233,ラニ
3234,トラキチシャチョウ
3235,センセーション
3236,レーヴデトワール
3237,ゴールドスーク
3238,サクセスグローリー
3239,ナンヨーカノン
3240,アルテ
3241,リスグラシュー
3242,フローレスマジック
3243,シグルーン
3244,アピールバイオ
3245,サトノアリシア
3246,ハートオブスワロー
3247,ヒストリア
3248,コーラルプリンセス
3249,ヴィーナスフローラ
3250,マルモレイナ
3251,ツヅク
3252,トーホウアイレス
3253,ライジングリーズン
3254,メローブリーズ
3255,パフォーム
3256,ウインシトリン
3257,トワイライトライフ
3258,クイントゥープル
3259,シアーライン
3260,メリートーン
3261,リンガスヴィグラス
3262,ジュンザワールド
3263,レザンドゥオール
3264,サンペドロ
3265,ジュンゲル
3266,オレオールカフェ
3267,ギンゴー
3268,トモジャポルックス
3269,パブロ
3270,ハシカミ
3271,ラヴィエベール
3272,サクラアンプルール
3273,モンドキャンノ
3274,レーヌミノル
3275,ディバインコード
3276,コウソクストレート
3277,タイセイブレーク
3278,ジョーストリクトリ
3279,タイムトリップ
3280,ダイイチターミナル
3281,マテラスカイ
3282,ダノンハイパワー
3283,レヴァンテライオン
3284,スズカゼ
3285,ドウディ
3286,ウインユニファイド
3287,グランセブルス
3288,カルムパシオン
3289,シャイニービーム
3290,ヤマニンシルフ
3291,テイエムコンドル
3292,オーサムレジェンド
3293,ガヤルド
3294,レッドサバス
3295,シュミット
3296,シュヴァルグラン
3297,ストリクス
3298,ハギノスノーボール
3299,トモトモリバー
3300,メンカウラー
3301,トウカイフィーバー
3302,ララパルーザ
3303,アイファープリティ
3304,オートクレール
3305,グレイトチャーター
3306,タカラジャンヌ
3307,ジャズコンボ
3308,ロンドンタウン
3309,ストロングトリトン
3310,スペシャルギフト
3311,カオール
3312,イワヌガハナ
3313,チーフアセスメント
3314,アイムユアドリーム
3315,クリプトスコード
3316,テイクウォーニング
3317,レーヴムーン
3318,メイショウブイダン
3319,トウカイセンス
3320,アットザシーサイド
3321,ウインガニオン
3322,ラヴァーズポイント
3323,エテルナミノル
3324,ウエスタンレベッカ
3325,マラムデール
3326,アカネイロ
3327,スワーヴリチャード
3328,ムーヴザワールド
3329,キングズラッシュ
3330,トラスト
3331,ジュンヴァリアス
3332,ショワドゥロワ
3333,エルデュクラージュ
3334,マイネルエパティカ
3335,オーバースペック
3336,イキオイ
3337,デルマコウモン
3338,コスモカナディアン
3339,ラテンロック
3340,オブリゲーション
3341,ケンホファヴァルト
3342,クラウンディバイダ
3343,ワンミリオンス
3344,ワンダーリーデル
3345,テーオーヘリオス
3346,ケントオー
3347,アッラサルーテ
3348,プラチナブロンド
3349,ハッピーベリンダ
3350,シンダーズ
3351,アグネッタ
3352,トーセンデューク
3353,スズカルパン
3354,シンボリジャズ
3355,イキートス
3356,ナイトフラワー
3357,イラプト
3358,ショウナンアンセム
3359,チェストケリリー
3360,ブロワ
3361,メイプルキング
3362,アースコレクション
3363,ボージェスト
3364,ウエスタンオウジ
3365,スティーグリッツ
3366,レアリスタ
3367,グロリアスノア
3368,ライドオンウインド
3369,レッドオルバース
3370,シードパール
3371,トーセンカナロア
3372,センリツ
3373,スティールブルグ
3374,オーバーチュア
3375,クラウンテイラー
3376,ホープフルデイズ
3377,キリシマツバサ
3378,サンライズポパイ
3379,サザンライツ
3380,シングンカイロス
3381,バトルムーングロウ
3382,スカイキューティー
3383,フォーチュンスター
3384,ダイワダッチェス
3385,レッドシルヴィ
3386,ラシーム
3387,ボーアムルーズ
3388,ポロス
3389,ルミナスティアラ
3390,ハマヒルガオ
3391,ヴァルコイネン
3392,クラシックエース
3393,メイアルーア
3394,ウインブルーローズ
3395,プラトンイミシャン
3396,トーカティヴ
3397,サトノファンタス
3398,ウインティアラ
3399,ヨウライフク
3400,ニザエモン
3401,ニシノカブケ
3402,ニシノカザブエ
3403,ギンガ
3404,コンチャフラメンカ
3405,ノワールギャルソン
3406,フィリグラーナ
3407,マンオブグァテマラ
3408,ビレッジソング
3409,ハナイチゲ
3410,プロフェット
3411,ケルフロイデ
3412,ウムブルフ
3413,ユウチェンジ
3414,ナムラシングン
3415,ルネイション
3416,ダイチラディウス
3417,マイネルリード
3418,プレイヤーハウス
3419,トウケイタイガー
3420,トウショウデュエル
3421,ワンダフルラスター
3422,ワインシャワー
3423,バスタータイプ
3424,マウントハレアカラ
3425,チャリシー
3426,シンキングロージス
3427,マイネルポルトゥス
3428,キナウ
3429,ショコラブラン
3430,ドリームドルチェ
3431,ヴァイサーリッター
3432,デブリン
3433,スターソード
3434,プレジールシチー
3435,ボルゲーゼ
3436,セトノプロミス
3437,メモリーシャルマン
3438,マカヒキ
3439,リオンディーズ
3440,エアスピネル
3441,アドマイヤエイカン
3442,イマジンザット
3443,モウカッテル
3444,ヴィガーエッジ
3445,プロレタリアト
3446,ペンタトニック
3447,ジュンスパーヒカル
3448,リボンフラワー
3449,メイショウタチマチ
3450,オウケンビリーヴ
3451,メイショウバーズ
3452,コウセイオリーヴ
3453,クラリティーアイズ
3454,サバイバルポケット
3455,ティアップリバティ
3456,サンアルパイン
3457,シゲルユカタマツリ
3458,ナンヨールーク
3459,アイリーグレイ
3460,スズヨサムソン
3461,シゲルハマオリサイ
3462,ヴィルジニア
3463,ウインリバティ
3464,レッツゴースター
3465,カリスマサンスカイ
3466,レオパルディナ
3467,マウントロブソン
3468,ミッキーロケット
3469,プレイヤーサムソン
3470,ドレッドノータス
3471,メイショウホウトウ
3472,スノーエンジェル
3473,マツノヴィグラス
3474,マイネルハルカゼ
3475,エンジェルフェイス
3476,アオイプリンセス
3477,ラルク
3478,ヴィブロス
3479,カジノクイーン
3480,キールコネクション
3481,サトノセレリティ
3482,ディーセントワーク
3483,ヤマニンシャンデル
3484,ジョリーアップ
3485,アクションスター
3486,クリノヤクマン
3487,アヴェーヌモン
3488,フジノサムライ
3489,ゼットスマイル
3490,シゲルエチゴ
3491,アルマクレヨン
3492,レイディルアレナ
3493,ミスチフウイッチ
3494,メガミチャン
3495,オベーション
3496,タカベラジオ
3497,ディナール
3498,ケイティブレイブ
3499,インザバブル
3500,ドライバーズハイ
3501,レガーロ
3502,ミッテルレギ
3503,ナムラアラシ
3504,ヤギリジャスパー
3505,ワイルドゲーム
3506,エネスク
3507,プリンセスロック
3508,メイショウカイモン
3509,ノースウッド
3510,サーブルオール
3511,マディディ
3512,カープストリーマー
3513,ダノンスパーク
3514,ヘイローフォンテン
3515,アドマイヤガスト
3516,カフジスター
3517,サドンストーム
3518,ナムラヒューマン
3519,カメット
3520,タイセイラビッシュ
3521,タムロミラクル
3522,マルケサス
3523,レッドルグラン
3524,メイショウアラワシ
3525,ワンダフルワールド
3526,ダンツメガヒット
3527,マイネルフィエスタ
3528,オトメチャン
3529,フレンドスイート
3530,アメリカンストーム
3531,ウィッシュハピネス
3532,サトノダイヤモンド
3533,アドマイヤダイオウ
3534,ミライヘノツバサ
3535,トーアライジン
3536,ジョルジュサンク
3537,フェルメッツァ
3538,パイロキシン
3539,メイショウキトラ
3540,フジインザスカイ
3541,パーシーズベスト
3542,スマートルビー
3543,ファータグリーン
3544,ベアインマインド
3545,エミノマユアク
3546,アルディバイン
3547,アオイソラ
3548,ファイナルコール
3549,タマモシルクハット
3550,ウエスタンレオーネ
3551,カシノサクセス
3552,ワンダーウノ
3553,マイティジャック
3554,リバーソウル
3555,アドマイヤスパーズ
3556,オルフィーク
3557,デンコウウノ
3558,エリーティアラ
3559,スループオブウォー
3560,リネンソング
3561,トミケンチャダル
3562,モンサンビアンカ
3563,ロードインスパイア
3564,ラッキーガナドール
3565,シゲルサケガシラ
3566,カルヴァリオ
3567,ネイチャーレット
3568,ステイパーシスト
3569,キークラッカー
3570,アークアーセナル
3571,サクラベルカント
3572,リップルトウショウ
3573,エクスシア
3574,ユヅルノオンガエシ
3575,クリノツーイーソー
3576,マルターズレーン
3577,アルセナーレ
3578,プリンシアコメータ
3579,イデアオブクィーン
3580,ラズールリッキー
3581,デナリ
3582,ヤマニンリュウセイ
3583,マイネヴァリエンテ
3584,ブランダルジャン
3585,ヌーヴェルダンス
3586,ウインシンフォニア
3587,プレツィオーゼ
3588,モルゲンロート
3589,サンクロワ
3590,ジョーウォルター
3591,タガノカムイ
3592,ケンベストカフェ
3593,プラチナダリア
3594,チェストケゴールド
3595,ヌーナ
3596,プライズコレクター
3597,ピアシングステア
3598,レアルイモン
3599,カムイ
3600,コスモコレクション
3601,フクノドービル
3602,サウンドメモリー
3603,ライジングティアラ
3604,コスモオリオン
3605,ルグランフリソン
3606,ネオスターダム
3607,シゲルヒラマサ
3608,ゴールドフォレスト
3609,リアリゾンルレーヴ
3610,キチロクステージ
3611,レディエントブルー
3612,ドリームジェダイ
3613,トウショウスレッジ
3614,トーセンスティング
3615,リックカグラ
3616,エリシェヴァ
3617,ハピネス
3618,イーグルアモン
3619,ダノンアイリス
3620,キタサンガンバ
3621,ブラウンカイ
3622,ソルヴェイグ
3623,ベルカント
3624,ビッグアーサー
3625,カラクプア
3626,コスモカウピリ
3627,スズカリバー
3628,チュラカーギー
3629,メイショウユメゴゼ
3630,タイセイラナキラ
3631,ブロンズテーラー
3632,グリューヴァイン
3633,ジョディーズロマン
3634,ナムラヒラリー
3635,ソロダンサー
3636,グレーターロンドン
3637,アーチキング
3638,チャンピオンルパン
3639,メゾンリー
3640,プライムセラー
3641,ベストセラーアスク
3642,ウインヴォラーレ
3643,エクストレミティー
3644,ガンジー
3645,サンライズネオ
3646,ブレイクマイハート
3647,エンジニア
3648,マルターズゲイル
3649,ヴィータファン
3650,ラグルーラ
3651,ジョンブドール
3652,コスモレティクルム
3653,フラットライナーズ
3654,ルックスザットキル
3655,フジノパンサー
3656,トロピカルガーデン
3657,ハイジャ
3658,サクラエンパイア
3659,ライトファンタジア
3660,ファインニードル
3661,ルペールノエル
3662,カウウェラ
3663,ルートヴィヒコード
3664,クリノダイコクテン
3665,トーセンハナミズキ
3666,カフジプリンス
3667,レッドイグニス
3668,マヤノピナクル
3669,ウエスタンエスプリ
3670,ピンクブーケ
3671,クイックモーション
3672,アスコットチャンプ
3673,コスモピクシス
3674,ミヤビエンブレム
3675,サウスポールツアー
3676,ハナズレジェンド
3677,ショウナンサスケ
3678,ヤマニンバステト
3679,スパーキングジョイ
3680,ネオヴェルザンディ
3681,メイショウウタゲ
3682,エイブルボス
3683,クインズクオーツ
3684,ホッコーモモタン
3685,ペイシャマリヤ
3686,フィンガーポスト
3690,タガノブル
3691,アドマイヤシナイ
3692,スカルバン
3693,マイネルバールマン
3694,ワイナルダム
3695,トリリオネア
3696,ワールドフォーラブ
3697,ポンポン
3698,コパノミザール
3699,キンシノクリーン
3700,キャプテンロビン
3701,ムーンクエイク
3702,シャイニングアロー
3703,プラトリーナ
3704,トーセンアルバータ
3705,レッドエトワール
3706,サンアンダーソン
3707,オウケンダイヤ
3708,ラブバレット
3709,パフォーマプロミス
3710,ハッチャンハッピー
3711,サトノエトワール
3712,コスモジャーベ
3713,コウキチョウサン
3714,シャクンタラー
3715,マイネルフレスコ
3716,スリーヴェローチェ
3717,ミエノサクシード
3718,エレクトロポップ
3719,バウトナカヤマ
3720,キングラディウス
3721,ネオアトラクション
3722,フジゴウカイ
3723,ライズスクリュー
3724,ダノンディーヴァ
3725,ラッシュハート
3726,ドゥモワゼル
3727,レジーナフォルテ
3728,ネオフレグランス
3729,レイズアベール
3730,ゴールドアピール
3731,スノーイルナ
3732,ヴァルツァー
3733,ブラックプール
3734,ロジセンス
3735,チシャーキャット
3736,ロイカバード
3737,タガノヴィッター
3738,テンキセキ
3739,ヨンカー
3740,ラインシュナイダー
3741,ワンダーサジェス
3742,スズカシャーマン
3743,タマモイレブン
3744,アドマイヤミヤビ
3745,アエロリット
3746,ハナレイムーン
3747,モリトシラユリ
3748,ヴィーナスアロー
3749,アルミューテン
3750,コマノレジーナ
3751,ディヴァインハイツ
3752,セイウンキラビヤカ
3753,サクセスライン
3754,スズカグラーテ
3755,フィールザプリティ
3756,ダンカン
3757,ピントゥリッキオ
3758,ボンナヴァン
3759,エトルディーニュ
3760,タイセイスターリー
3761,ディアシューター
3762,エアウィンザー
3763,ビルズトレジャー
3764,チャロネグロ
3765,アサギリジョー
3766,エテレインミノル
3767,サイバーエレキング
3768,ナヴィオン
3769,ミッキーグッドネス
3770,マイネルトゥラン
3771,タガノハヤテ
3772,サハラファイター
3773,キングルアウ
3774,ラベンダーヴァレイ
3775,ウィズアミッション
3776,クラウンロベルト
3777,スクエアフォールド
3778,ハッピーユニバンス
3779,アイアムナチュラル
3780,サトノスピードオー
3781,ヒドゥンブレイド
3782,ヴォージュ
3783,サンライズタイセイ
3784,クリーンファンキー
3785,ヒラボクレジェンド
3786,トレジャーステイト
3787,モズカッチャン
3788,ヤマカツグレース
3789,タガノアスワド
3790,レッドコルディス
3791,アロンザモナ
3792,アドマイヤローザ
3793,ホウオウパフューム
3794,ニシノアモーレ
3795,ザクイーン
3796,キャナルストリート
3797,ドリームマジック
3798,ディーパワンサ
3799,レッドミラベル
3800,ピスカデーラ
3801,ラユロット
3802,メイショウササユリ
3803,シュナウザー
3804,ベバスカーン
3805,デジタルフラッシュ
3806,ブラウンアニマート
3807,プレスアテンション
3808,オウケンゴールド
3809,スフバータル
3810,クリノリトミシュル
3811,バイオンディップス
3812,エアカーディナル
3813,アドマイヤロケット
3814,アドミラブル
3815,ベストアプローチ
3816,アドマイヤウイナー
3817,ポポカテペトル
3818,サーレンブラント
3819,ダノンキングダム
3820,トリコロールブルー
3821,イブキ
3822,マイネルスフェーン
3823,タガノアシュラ
3824,スズカロング
3825,アグネスウイン
3826,ラミアカーサ
3827,カフジオリオン
3828,ビップライブリー
3829,スマートカルロス
3830,テラノヴァ
3831,ブラックスビーチ
3832,カリビアンゴールド
3833,ムーンザムーン
3834,ウインシャトレーヌ
3835,ポールヴァンドル
3836,ニシノストーリー
3837,ブラックオニキス
3838,シーズララバイ
3839,メイショウオワラ
3840,アンネリース
3841,エバープリンセス
3842,エンパイアガール
3843,エミットライト
3844,ミザイ
3845,キュイキュイ
3846,サラセニア
3847,ラテールプロミーズ
3848,サンホッブズ
3849,クロークス
3850,リキサンダイオー
3851,ディライトフル
3852,アオイオンリーワン
3853,ダイワキャグニー
3854,レッドローゼス
3855,ロードアルバータ
3856,ニシノアップルパイ
3857,スイーズドリームス
3858,ヘリファルテ
3859,マイネルラプティス
3860,スズカメジャー
3861,マイネルユニブラン
3862,シルバーポジー
3863,リヴァイバル
3864,ヴァローア
3865,テイエムリヴィエラ
3866,アッキー
3867,ボールドアテンプト
3868,リバーサイドパーク
3869,リベルタンゴ
3870,ヴィーヴァテキーラ
3871,カフェブリッツ
3872,コクスイセン
3873,リエノテソーロ
3874,ボンセルヴィーソ
3875,レッドアンシェル
3876,オールザゴー
3877,ミスエルテ
3878,プラチナヴォイス
3879,アウトライアーズ
3880,キョウヘイ
3881,ナイトバナレット
3882,カラクレナイ
3883,ガンサリュート
3884,セネッティ
3885,メイショウボンロク
3886,マッカートニー
3887,エタニティーワルツ
3888,ミカエルシチー
3889,ウリボー
3890,チャーム
3891,リッチーリッチー
3892,ジャズファンク
3893,エーティータラント
3894,タニガワ
3895,ロードプレステージ
3896,ダノンプレシャス
3897,スズカウラノス
3898,サンライズソア
3899,ハルクンノテソーロ
3900,シゲルベンガルトラ
3901,サンチェサピーク
3902,アシャカダイキ
3903,パレスハングリー
3904,サクレエクスプレス
3905,ハッスルバッスル
3906,トロピカルスパート
3907,アナザートゥルース
3908,スマートレイチェル
3909,セイカチトセ
3910,サノサマー
3911,モンサンレガーメ
3912,アドマイヤリード
3913,ジュールポレール
3914,ヒルノマテーラ
3915,クリノラホール
3916,ソーディヴァイン
3917,エルフィンコーブ
3918,デバイスドライバー
3919,クリノリーソクツモ
3920,ジェイラー
3921,シュピールカルテ
3922,ジェイケイオジョウ
3923,プエルトプリンセサ
3924,ロジブリランテ
3925,ケイビイノキセキ
3926,エドノジョンソン
3927,ホザンナ
3928,ウェーニーウィキー
3929,ロワアブソリュー
3930,モアナ
3931,デアレガーロ
3932,レッドアフレイム
3933,ビューティーオンリー
3934,ラバニーユ
3935,サンライズレーヴ
3936,クインズウィンダム
3937,メイショウトリトン
3938,アスタキサンチン
3939,ジョンブリアン
3940,ウォークロニクル
3941,ヴァイスジーニー
3942,プルメリアブーケ
3943,パストラル
3944,シラーグランツ
3945,シンボリラパス
3946,アルジャントゥイユ
3947,ガーネットバローズ
3948,キロハナ
3949,ストーンウェア
3950,マコトサダイジン
3951,トレンドライン
3952,スフェーン
3953,プレゼンス
3954,ワイルドグラス
3955,ファンヴィー
3956,オヒアレフア
3957,ブレスアロット
3958,ペイシャボム
3959,ガラドリエル
3960,ヴォルタ
3961,ミュークロール
3962,ソレイユドパリ
3963,ポッドクヒオ
3964,フォーハンドレッド
3965,シベリウス
3966,ヒトノワドリーム
3967,ラーリオ
3968,プティトシャンティ
3969,フジマサクイーン
3970,ヴァルール
3971,デルマチカラ
3972,ダイリュウハヤテ
3973,テンエイロータス
3974,セルリアンラビット
3975,サンライズノヴァ
3976,サンオークランド
3977,タガノカトレア
3978,ウォーターマーズ
3979,アンティノウス
3980,ブルベアバブーン
3981,トラネコ
3982,サヴィ
3983,シゲルコング
3984,テイエムヒッタマゲ
3985,スズカディープ
3986,ファンタサイズ
3987,ウインクレド
3988,ジュンスターホース
3989,トラキアンコード
3990,ギンチャン
3991,マグレブ
3992,リカビトス
3993,ゴールドエッセンス
3994,ベストリゾート
3995,サンマルバロン
3996,サンアンカレッジ
3997,アルマククナ
3998,クリノヒミコ
3999,ファッショニスタ
4000,ワキノハガクレ
4001,ウラガーノ
4002,サザンボルケーノ
4003,バンケットスクエア
4004,ツーエムカイザー
4005,ポップアップスター
4006,シトラスクーラー
4007,キングリオ
4008,ゴールドスカル
4009,マイネルツァイト
4010,スペルマロン
4011,トゥルーラヴキッス
4012,ナンヨーアイリッド
4013,アルティジャーノ
4014,クラウンノキセキ
4015,スマートボムシェル
4016,ストロングタイタン
4017,ヒーズインラブ
4018,ユメノマイホーム
4019,サラトガスピリット
4020,ケルンダッシュ
4021,フォローハート
4022,ポッドガイ
4023,リンクス
4024,スクエアゴールド
4025,ウェルブレッド
4026,ハリウッドクイーン
4027,マイネルシェルト
4028,シリーシンフォニー
4029,オルティラアスール
4030,ムーンエクスプレス
4031,ジャストザマリン
4032,アマノガワ
4033,キャスパリーグ
4034,スノードーナツ
4035,ジェネラルゴジップ
4036,リッジマン
4037,コスモツケマ
4038,リアルキング
4039,ノガロ
4040,トーホウハニー
4041,コスモフレンチ
4042,ミキノドラマー
4043,コマノインパルス
4044,ジュニエーブル
4045,バリングラ
4046,サンティール
4047,アダマンティン
4048,アダムバローズ
4049,メリオラ
4050,サーベラージュ
4051,サンタフェチーフ
4052,グリントオブライト
4053,テオドール
4054,モンサンアルナイル
4055,オウノミチ
4056,キャンディバローズ
4057,イチダイ
4058,クラウンマグマ
4059,イルフォーコン
4060,トキメキユキチャン
4061,ホーリーフルーツ
4062,トップディーヴォ
4063,ブリガアルタ
4064,オージャイト
4065,ナインテイルズ
4066,ダンシングワンダー
4067,キーナンバー
4068,マレボプール
4069,ノボリクリーン
4070,ブレイジングサン
4071,アレット
4072,レアドロップ
4073,ナリタスターワン
4074,リアリスト
4075,ビークイック
4076,トウショウピスト
4077,ウインムート
4078,ケイマ
4079,シゲルテングダイ
4080,ミキノグランプリ
4081,ワンボーイ
4082,オホーツク
4083,ユアマイラブ
4084,マッシヴランナー
4085,スリーアロー
4086,カデナ
4087,マイスタイル
4088,サトノマックス
4089,テーオーフォルテ
4090,グローブシアター
4091,スマートエレメンツ
4092,キャッスルクラウン
4093,シュペルミエール
4094,ディアドラ
4095,ショーウェイ
4096,レッドルチア
4097,ヴィルデローゼ
4098,ディアパヴォーネ
4099,レイクキャリー
4100,クーリュ
4101,シーエーパイロット
4102,フレンチイデアル
4103,ミスキララ
4104,ジュエルアラモード
4105,ウインブライト
4106,サトノアレス
4107,ストロングレヴィル
4108,ダノンケンリュウ
4109,サウンドテーブル
4110,スウィフトレイド
4111,ファンディーナ
4112,ドロウアカード
4113,ブライトムーン
4114,ロマンホープ
4115,クラウンロマン
4116,クラウンビュレット
4117,シェアード
4118,シャケトラ
4119,ヤマカツライデン
4120,ジュンヴァルカン
4121,タマモアルム
4122,パブリックフレンド
4123,アップクォーク
4124,プレシャスエース
4125,ウエスタンボルト
4126,マイネルラック
4127,アドマイヤナイト
4128,ワンダフルラッシュ
4129,エクストラペトル
4130,マイネルパッセ
4131,ハヤブサレディゴー
4132,ノボホウセイ
4133,レレマーマ
4134,サウスリュウセイ
4135,シャンパンサーベル
4136,パミーナコラッジョ
4137,グランアラミス
4138,マーヤ
4139,フォーワンタイキ
4140,アロースコルトン
4141,ラスカルグレイ
4142,シグナリング
4143,ゴセイバイシキモク
4144,リゾネーター
4145,グランドディアマン
4146,グッドヒューマー
4147,ノーブルサターン
4148,リヴェルディ
4149,ハイパーノヴァ
4150,ニシノラディアント
4151,アレスバローズ
4152,オーヴィレール
4153,エビスリアン
4154,ルイカズマ
4155,アドマイヤキズナ
4156,メイソンジュニア
4157,イノバティブ
4158,ランガディア
4159,ジャッキー
4160,マンカストラップ
4161,キョウエイスコール
4162,ティアップサンダー
4163,プッシュアゲン
4164,ユアザスター
4165,ナミノリゴリラ
4166,ロマンティックサン
4167,パーソナルブルー
4168,プラセンタ
4169,ドゥーカ
4170,アムネスティ
4171,ロイヤルネイビー
4172,エルゼロ
4173,ブランシェクール
4174,ナムラケイト
4175,アイティテイオー
4176,ウインヤード
4177,ラステラ
4178,シゲルゴホウサイ
4179,ウインアンビション
4180,ジャストザヨコハマ
4181,フィドゥーシア
4182,アルアイン
4183,ペルシアンナイト
4184,クリンチャー
4185,レイデオロ
4186,アメリカズカップ
4187,ボンボンキャスト
4188,レッドセインツ
4189,クリノサンタクルス
4190,グランスエルテ
4191,マイネルピクトル
4192,エスティロックオン
4193,ダイシンブラック
4194,フミノヤマビコ
4195,ヒミノオオタカ
4196,ウォーターサムデイ
4197,シルクラングレー
4198,ラルシュドール
4199,ヤマイチパートナー
4200,テイエムダイパワー
4201,ヒルノドンカルロ
4202,アドマイヤネアルコ
4203,ランフォージン
4204,エーシンモアオバー
4205,ラシンティランテ
4206,プレミアムブルー
4207,デイジーギャル
4208,サクラキングオー
4209,ヨユウノヨッチャン
4210,ハギノサキガチ
4211,トウケイゴールド
4212,トーセンツリー
4213,ウェーブゴールド
4214,ネルトスグアサ
4215,カトラス
4216,ヴィジャイ
4217,レッドオーヴァル
4218,シルクオフィサー
4219,ジルコニア
4220,ダノンエレガント
4221,クーファナイン
4222,ブレークビーツ
4223,サングップ
4224,エーシングルーオン
4225,コスモゴールデン
4226,オートロンシャン
4227,エスジーブルーム
4228,モーニングコール
4229,フィリラ
4230,ヤマニンボンプアン
4231,アンチュラス
4232,ワイルドジョイ
4233,ウチデノコヅチ
4234,スルターナ
4235,グランドポピー
4236,ネガティヴ
4237,ブライトギャル
4238,オヤコダカ
4239,タイセイスウォード
4240,ウーマン
4241,セミニョン
4242,トップボンバー
4243,ディーエスコマンド
4244,ケンブリッジギルド
4245,キャメロンロード
4246,サクラテイオー
4247,ミスズモンブラン
4248,ストライクルート
4249,スリーアフロディテ
4250,アドマイヤシーマ
4251,サイレントクロップ
4252,バンデ
4253,エーシンミラージュ
4254,ソルモンターレ
4255,ミッキーマーチ
4256,サンライズサルーテ
4257,グランカマラード
4258,ルコンポゼ
4259,マケナイデ
4260,イントゥザストーム
4261,セルリアンディンゴ
4262,フォントルロイ
4263,オムニバス
4264,クリノクレオパトラ
4265,ギャングセブン
4266,スノーストーム
4267,ウインゴーウェル
4268,エリタージュゲラン
4269,リッカタキシード
4270,センティナリー
4271,ストークス
4272,ヤマノグラス
4273,ヒラボクダッシュ
4274,トーセンプリモ
4275,ベルライン
4276,シャッセロール
4277,マスターエクレール
4278,スーパースター
4279,ビウイッチアス
4280,メイショウテッサイ
4281,アドマイヤアロマ
4282,ナイトブルーミング
4283,ピサノベッテル
4284,ワクワクキリシマ
4285,サクラオードシエル
4286,スワンソング
4287,アナスタシアブルー
4288,ニシノカチヅクシ
4289,ダンディーズムーン
4290,キングブレイク
4291,アドマイヤキュート
4292,カリスマサンタイム
4293,ハープスター
4294,トウカイパラダイス
4295,コナブリュワーズ
4296,ストークアンドレイ
4297,スイートドーナッツ
4298,クランドールゲラン
4299,ブルーピアス
4300,ベストブルーム
4301,テーオーレイチェル
4302,ダンツアトラス
4303,ウインレーベン
4304,デスティニーシチー
4305,ヒカルブルービー
4306,ハーブティー
4307,ショウナンアンカー
4308,ツクバインドラ
4309,マイネルカーミン
4310,マーヴェリックス
4311,スワーヴカイザー
4312,セフティーエムアイ
4313,ブルーメリディアン
4314,マジンプロスパー
4315,フォーエバーマーク
4316,サンカルロ
4317,プラチナジュエリー
4318,アリュージョン
4319,カレンステイシー
4320,サクラベル
4321,キッズライトオン
4322,トウカイバレット
4323,サウスキャロライナ
4324,シンフォニア
4325,テイエムダンシング
4326,ウールーズ
4327,イズモ
4328,アオジャシン
4329,ハタノガイスト
4330,タマモクラリティー
4331,アーサーバローズ
4332,クラウンルシフェル
4333,ヒカルカミヒコーキ
4334,マイネパシオーネ
4335,ラヴィーネ
4336,テルミドール
4337,クラウンデュナミス
4338,グランツ
4339,ポケットエース
4340,シュヴァルベ
4341,アンゲネーム
4342,リッカアリュール
4343,テーオーレジェンド
4344,レッドシェリフ
4345,アラドヴァル
4346,スティルレーベン
4347,プリュムローズ
4348,シンボリパソドブレ
4349,ヤマニンカヴァリエ
4350,ジャストザオネスト
4351,ホークインザブルー
4352,スマートマーチ
4353,マジカルビアンカ
4354,アポロダイヤモンド
4355,タガノレオーネ
4356,スピリットレイク
4357,メイショウムロト
4358,サウンドマンデュロ
4359,カシノラピス
4360,サンマルビューティ
4361,オリービン
4362,オースミイチバン
4363,オートドラゴン
4364,ウインドジャズ
4365,マンハッタンコード
4366,シンクヴェトリル
4367,ラローザブル
4368,オレアリア
4369,コスモメルハバ
4370,スマイルミッキー
4371,テーオーフェアリー
4372,トルストイ
4373,ダイシンハンター
4374,テイエムブシドー
4375,キリシマトリオ
4376,エイシンテキサス
4377,サトノプレシャス
4378,グレカーレ
4379,バルスピュール
4380,ケンブリッジヒーロ
4381,ブルーモントレー
4382,ニシノモンクス
4383,ナリタプリムローズ
4384,ハギノブシドウ
4385,アンシャックルド
4386,サクラヴィクトリー
4387,リシェス
4388,ベイビーイッツユー
4389,ゼンノスサノヲ
4390,エイシンソニック
4391,グラスプリマ
4392,ヴァイスヴァーサ
4393,ニシノマテンロウ
4394,パブロワ
4395,フロールシータ
4396,ナリタクリスタル
4397,アドマイヤタイシ
4398,トランスワープ
4399,アンウォンド
4400,ツヴァイハンダー
4401,ヤマカツマーフィ
4402,モーニングムーン
4403,シンボリゾンネ
4404,サウンドアドバイス
4405,ミスネバー
4406,トミケンフィアブル
4407,タツフラッシュ
4408,ダークアイリス
4409,エーティーガンダム
4410,アイアムネフライト
4411,バクシンパワー
4412,シャイニーリーヴァ
4413,マイネルアクロス
4414,プライドイズメシア
4415,プロフェッサー
4416,ヴェイパーコーン
4417,キクノラフィカ
4418,ドレッシースタイル
4419,ミリアグラシア
4420,ビップセレブアイ
4421,ローレルシャイニー
4422,アグネスレイザー
4423,アガサ
4424,エスターブレ
4425,アルカナ
4426,ナンヨーユナ
4427,ミラクルルージュ
4428,ワタシマッテルワ
4429,サトノネネ
4430,セシリア
4431,ピロポ
4432,エバールージュ
4433,アマアマ
4434,ロードメビウス
4435,サフランスカイ
4436,アワーズヒロイン
4437,ミラクルアイドル
4438,タマモエスカルゴ
4439,ベルニーニ
4440,ゴダール
4441,トーセンギャラリー
4442,マウイノカオイ
4443,ラスカルトップ
4444,ミッキールドラ
4445,ランパスキャット
4446,ラパージュ
4447,ホッコーゼニト
4448,コトブキゴールド
4449,リネンヴィヴィッド
4450,ファインスマッシュ
4451,テイエムジョニクロ
4452,クリノモンテローザ
4453,ウォーターシュート
4454,リリコイパイ
4455,フロリダパンサー
4456,ウインステージ
4457,ウルパラクア
4458,テイエムゲッタドン
4459,ヒーラ
4460,スピアナート
4461,オースミマイカ
4462,ケルンフォーティー
4463,レディオスソープ
4464,サンキストロード
4465,ドリームフォワード
4466,アルトゥバン
4467,リッシュレーヴ
4468,ダノンドリーム
4469,グラントリノ
4470,サンマルホーム
4471,プラチナテーラー
4472,チャペルプリンセス
4473,アメイジングアスク
4474,タカノハーバー
4475,クリサンセマム
4476,ローザズカレッジ
4477,マイネルイグアス
4478,ジャングルパサー
4479,スプリングパリオ
4480,ラルプデュエズ
4481,ジューヴルエール
4482,メイラード
4483,シャイボーイ
4484,ブルーデジャブ
4485,ニシオドリーム
4486,ビラゴーティアラ
4487,バーバラ
4488,プルーフポジティブ
4489,ゴーイングストーン
4490,シルクプラズマ
4491,トゥルーフレンド
4492,メイショウオトコギ
4493,ロードロックスター
4494,ヴァレンティーネ
4495,ナムラケイオス
4496,ラヴァーサクラ
4497,シングルカスク
4498,パッシオーネラヴィ
4499,リルバニヤン
4500,ローゼズガーランド
4501,スピーディードータ
4502,ヤマニンプードレ
4503,ビッグスマイル
4504,アルアマーナ
4505,セイユウスマイル
4506,セイウンロワイヤル
4507,フジマサレジェンド
4508,ウエスタンスマイル
4509,ペプチドアマゾン
4510,ラテラルアーク
4511,ノーブルプラネット
4512,フォースライト
4513,ゴッドツェッペリン
4514,アクアブルーウェイ
4515,リサプシュケ
4516,イッセキニチョウ
4517,オータムラヴ
4518,ヨアケ
4519,オリエンタルエジル
4520,エクスプローラー
4521,アトムフェニックス
4522,サウンドデューク
4523,ユッカマウンテン
4524,タニノシュヴァリエ
4525,サマールナ
4526,マイネボヌール
4527,フェイムロバリー
4528,ダンディーソル
4529,プレミアムゴールド
4530,サンダーオーシャン
4531,ユキノスライダー
4532,タニセンヴォイス
4533,バトルヴェルデ
4534,スピーディユウマ
4535,モエレマリーア
4536,アポロデイライト
4537,アカノジュウロク
4538,チュウワダンサー
4539,クラウンビション
4540,ヤマニンアルシェ
4541,シゲルケンシン
4542,コップヒヤザケ
4543,ヒラボクビクトリー
4544,オーヴァージョイド
4545,スリーヨーク
4546,インパルション
4547,クールジャイロ
4548,タイセイボルト
4549,ガッテンキャンパス
4550,ヤマニンミミック
4551,マイネノンノ
4552,メイケイペガムーン
4553,キズマ
4554,シャルマンウーマン
4555,トーホウジュリア
4556,コウヨウエンプレス
4557,クラウンエンビー
4558,スノークラフト
4559,ショウナンバグース
4560,キボウダクリチャン
4561,ヨザクラオシチ
4562,マーセブナカヤマ
4563,ワンツーステップ
4564,サンマルマズル
4565,スナーククラウン
4566,エアラーテル
4567,エイトプリンス
4568,レッドラヴィータ
4569,メテオレイン
4570,サクライスピラート
4571,ケルシャンス
4572,ベルベットメドウ
4573,デスティニーラブ
4574,アルマシャウラ
4575,フリティラリア
4576,ディアプリンセス
4577,ピンクダイヤモンド
4578,ベルモントラハイナ
4579,ケイアイウィルゴー
4580,ポップアップハート
4581,モントボーゲン
4582,フォワードカール
4583,マイネルジパング
4584,ミエノキセキ
4585,アルテミシア
4586,ファイアキング
4587,アードバーク
4588,ミカルベウス
4589,コスモリープリング
4590,エンチャンター
4591,ベストヒット
4592,ラストシャングリラ
4593,ゴールドブライアン
4594,メイショウブシン
4595,マハロチケット
4596,スピークソフトリー
4597,エリーフェアリー
4598,ティンホイッスル
4599,スプレンダー
4600,サンマルダーム
4601,テラノイロハ
4602,アドマイヤギャラン
4603,ドラゴンスパン
4604,シルクキングリー
4605,アイムヒアー
4606,ディーエスコンドル
4607,ハナノシンノスケ
4608,コウギョウサンデー
4609,オードヴィ
4610,ゴールドアロー
4611,ランザン
4612,ビーチドラゴン
4613,クルトメッシュ
4614,ホワイトクリスマス
4615,ケイアイユニコーン
4616,シルクバーニッシュ
4617,トーホウアマポーラ
4618,サカジロスイセイ
4619,マンボダンサー
4620,キタサンウンゲツ
4621,コパノハリー
4622,ナムラユキヒメ
4623,コパノサムタイム
4624,グランベラミ
4625,ワンダフルタイム
4626,コモノドラゴン
4627,ダイワデッセー
4628,エインセル
4629,スリーロブロイ
4630,ハギノソフィア
4631,スイートブライアー
4632,アドマイヤクーガー
4633,エメラルドヴァレー
4634,デルマビシャモン
4635,エクスパーシヴ
4636,ラインビューティー
4637,ハッピーアビラ
4638,ピーエムヘクター
4639,ラスカルスピード
4640,メイショウリョウマ
4641,ジェイケイネオ
4642,コアレスドラゴン
4643,スマッシュスマイル
4644,レッドストラーダ
4645,フェアープライド
4646,ビリーヴマイン
4647,チヘイセン
4648,カシノスターライト
4649,アルマリンピア
4650,ヤマニングルノイユ
4651,エイシンラトゥナ
4652,エーシンマイェスタ
4653,ヒシガーネット
4654,マイティースコール
4655,メロート
4656,ダイワスペシャル
4657,トーセンマルス
4658,キネオリュウセイ
4659,ハイマウンテン
4660,コスモグラウベ
4661,アマノウインジー
4662,アローズグリーム
4663,トウシンムサシ
4664,クールジョジョ
4665,ヴィンテージローズ
4666,ゴールドソレイユ
4667,エーシンシャラク
4668,カシノランナウェイ
4669,アグネスキズナ
4670,シェルエメール
4671,タイセイマテンロウ
4672,アーベントロート
4673,トーセンウィンドウ
4674,ジリオン
4675,マイネルハートレー
4676,テイエムオオラジャ
4677,タガノリバレンス
4678,ダイナミックウオー
4679,アドマイヤライン
4680,カガタイキ
4681,ラヴネヴァーダイズ
4682,アイディドゥイット
4683,チャードリー
4684,タニセンダイナスト
4685,ナムラタイタン
4686,ケイアイレオーネ
4687,アドバンスウェイ
4688,タガノハピネス
4689,キセキノハナ
4690,アキノモーグル
4691,コウエイタケル
4692,マイネルフォルス
4693,ノボリレジェンド
4694,ファイトバック
4695,ディープミタカ
4696,オトコギマサムネ
4697,ブルータンザナイト
4698,ショーグン
4699,タガノラルフ
4700,トルバドゥール
4701,セルリアンサーロス
4702,ゴールドブラザー
4703,オーシャンカレント
4704,メイショウイザヨイ
4705,ギリギリヒーロー
4706,ハンマークラビア
4707,カッサイ
4708,レディカリビアン
4709,タイセイパラゴン
4710,マルカロゼッタ
4711,ウィットウォーター
4712,クリスタルレーヴ
4713,ゴットラウディー
4714,ヒルノクオリア
4715,ウィザーズポケット
4716,ミッキーマンデー
4717,アギャント
4718,アグネスハビット
4719,デンコウスカイ
4720,ドラゴンサクラ
4721,アポロアリーナ
4722,ウェルトレインド
4723,ディパッション
4724,リメンバーメジロ
4725,メイショウセトウチ
4726,エーシンデューク
4727,クリビツテンギョ
4728,ダンシングハバナ
4729,ライトヴァース
4730,シェイクザバーレイ
4731,フォーナインキング
4732,レッドクラーケン
4733,ダンツブロード
4734,ビアンコカンドーレ
4735,テイエムキュウコー
4736,ノボリドリーム
4737,ホッコーマグマ
4738,デンコウリキ
4739,ファシーノ
4740,キタサンキンボシ
4741,ロングリバイバル
4742,エイシンフランキー
4743,ターフデザイナー
4744,ダノンマックイン
4745,アイファーファルコ
4746,スズカアンペール
4747,エーシンサファイア
4748,ミニョネット
4749,アカネチャン
4750,キタサンエピソード
4751,シルクフラッシュ
4752,ナンプー
4753,ヤマニンネレイス
4754,アドマイヤツヨシ
4755,レディオブオペラ
4756,ラガートモヒーロ
4757,フリークエンシー
4758,ホーマンベルウィン
4759,ハイランドジャガー
4760,ペガサスフォース
4761,ロードクラヴィウス
4762,ハッピーマリーン
4763,レッドルーラー
4764,アムールブリエ
4765,メイショウシレトコ
4766,ラニカイツヨシ
4767,ワンダーアシャード
4768,コルージャ
4769,サクラブライアンス
4770,トーセンケイトゥー
4771,オリエンタルサン
4772,トウカイインパルス
4773,ラブリープラネット
4774,タガノビーンズ
4775,サンセットスカイ
4776,エイユーモモチャン
4777,メイショウカフウ
4778,デンコウタフネス
4779,ヴァッフシュテルケ
4780,オフェーリアシチー
4781,スナークマスカラス
4782,タガノビリーヴィン
4783,キングスバーン
4784,ビックケン
4785,ラフィングインメイ
4786,エピセアローム
4787,ルナフォンターナ
4788,カイシュウコロンボ
4789,リアルヴィーナス
4790,ミッキーアップル
4791,タマモプラネット
4792,モズマッテタワ
4793,コウエイテンペスタ
4794,プリフォンテイン
4795,トーワフォーエバー
4796,キクノメテオ
4797,ナリタキャッツアイ
4798,レッドジェイビー
4799,シゲルスターキング
4800,ダノンキセキ
4801,マッシヴヒーロー
4802,ウエストハーバー
4803,ヤマニンメンヒル
4804,ミラクルルーマー
4805,デンコウデア
4806,サイズミックレディ
4807,ダノンウィスラー
4808,ノーブルコロネット
4809,ダノンルージュ
4810,ベアトリッツ
4811,ヤマニンシェリル
4812,アドマイヤウイング
4813,ナムラキッス
4814,プリンセスアスク
4815,ミキノティータイム
4816,テイエムナデューラ
4817,バカニシナイデヨ
4818,コリャコリャ
4819,メイショウアシタバ
4820,アスターピース
4821,サンライズピーク
4822,ブルーハーツクライ
4823,エーシンヘディング
4824,マルイチワンダー
4825,ブイキャスター
4826,ワンダーストラ
4827,ミッキークリスエス
4828,テーオーイージス
4829,ミッキーエール
4830,ワールドダンス
4831,サンライズバロン
4832,アザゼル
4833,タイセイバスター
4834,クロフネフリート
4835,メイショウビリーヴ
4836,フサイチアソート
4837,サトノアビリティ
4838,ラヴァズアゲイン
4839,サトノユニコーン
4840,ノアオーカン
4841,ヒナアラレ
4842,ビバハイタッチ
4843,ハルシュタット
4844,ラフィネシチー
4845,スリーエスペラント
4846,スペキュレイター
4847,スーパーオービット
4848,シゲルジョウム
4849,ヤマノレオ
4850,カシノタロン
4851,ヒカリトリトン
4852,ローガンサファイア
4853,アグネスピンキー
4854,ホッコーサラスター
4855,アルティシムス
4856,シセイカスガ
4857,スズカファイター
4858,アドマイヤバートン
4859,ディアデラバンデラ
4860,ナリタロック
4861,アラビアンドラゴン
4862,ニホンピロマイティ
4863,イイチョ
4864,マイアミムーン
4865,グッドレインボー
4866,リュクスメジャー
4867,アグネスダリム
4868,ステイウェル
4869,アンジュシュエット
4870,ハニードント
4871,エノラブエナ
4872,オーシャンドライブ
4873,アドマイヤキンカク
4874,アスターフレンチ
4875,テンマティーニ
4876,ビーチブレイブ
4877,ジョリフェロー
4878,ワンダーパラジーノ
4879,ワンダージェニアル
4880,ボクノナオミ
4881,オールブラッシュ
4882,コスモシュアー
4883,ナムラオウテ
4884,メイショウサターン
4885,ゼンノイザナギ
4886,テイエムフタエマル
4887,レッドデイヴィス
4888,トゥザグローリー
4889,エーシンエムディー
4890,エランドール
4891,ラインアンジュ
4892,ルベーゼドランジェ
4893,インペラティヴ
4894,イキ
4895,プリュム
4896,キングソング
4897,レゼトワール
4898,マウンテンファスト
4899,エリンジューム
4900,セーノークイン
4901,サウンドバスター
4902,ヴァンクウィッシュ
4903,クラウンアトラス
4904,サウンドビガレス
4905,キリシマホーマ
4906,アキノクリンチ
4907,グリーンラヴ
4908,リオグランデ
4909,グインネヴィア
4910,メイショウラバンド
4911,キネオソレイユ
4912,デルマコナキジジ
4913,ミューラルクラウン
4914,クールオープニング
4915,コルボノワール
4916,ゴールドメダリオン
4917,マイネルレハイム
4918,カプリチオーソ
4919,メイショウエゾフジ
4920,ベッラヴォーチェ
4921,スナッチマインド
4922,タイセイマジック
4923,コズミックショア
4924,アンジュエ
4925,リスヴェリアート
4926,クリアモーメント
4927,ノーブリー
4928,コウエイダイオウ
4929,スリーキャピトル
4930,オシャレバンチョウ
4931,エフティチャーミー
4932,タイセイボニータ
4933,ルアンジュ
4934,ノーブルルージュ
4935,マイティティー
4936,ラホーヤビーチ
4937,ヤマニンナジャーハ
4938,パオロッサ
4939,ミトノレオ
4940,アドマイヤサブリナ
4941,ダラニ
4942,メイショウジェーン
4943,ザゲームイズオン
4944,メジャーシップ
4945,ジョーヌダンブル
4946,ダンツキャノン
4947,サイキセキ
4948,アウトシャイン
4949,スズカノジェリコ
4950,ブロンシェダーム
4951,ダブルイーグル
4952,クレイジージョー
4953,フィンデルムンド
4954,キョウワランサー
4955,ローエンイェーガー
4956,ウルトラサウンド
4957,カフジホーク
4958,キクノセントロ
4959,オールデフィート
4960,チョウエンペラー
4961,ハナリュウセイ
4962,アスターカウンティ
4963,エーシンエポナ
4964,ミッキータイガー
4965,マイネルランスタン
4966,ティキマハロ
4967,バンブーデルピエロ
4968,テーオーダンシング
4969,ベルラピエル
4970,ツヨシノブルーム
4971,トシザツンツン
4972,タマモベルモット
4973,メイショウアルザス
4974,ジョーアカリン
4975,エステージャ
4976,レーヴドプランス
4977,ベルエアメイダン
4978,ユキノラムセス
4979,トロピカルメジャー
4980,アンカジャポニカ
4981,ナゲットハント
4982,テイエムチュラッコ
4983,ミスタージャック
4984,ハッシュ
4985,サクラドラジェ
4986,サンライズマルス
4987,マイネアルナイル
4988,レネットグルーヴ
4989,スターリットスカイ
4990,ボロンベルラルーン
4991,マイネグラディウス
4992,マーメイドティアラ
4993,テイコフトウショウ
4994,カミーリア
4995,メイライト
4996,マコトグロズヌイ
4997,マミーテイラー
4998,カシノカーム
4999,スズカシルバー
5000,ウメ
5001,アサクサティアラ
5002,サンレガーロ
5003,ニシノテキーラ
5004,フェータルローズ
5005,ピエナアプローズ
5006,ジェネクラージュ
5007,サマニトップレディ
5008,エーシンショーモン
5009,トウシンヴィーナス
5010,グッドジーン
5011,ジャパンイモン
5012,ビーマイラブ
5013,ヤギリエスペランサ
5014,マイネルコンキスタ
5015,マイネルブルズアイ
5016,ブライテストソード
5017,サンライズシルバー
5018,ワイドクロス
5019,マイネルアルティマ
5020,スピリテッドエアー
5021,キタサンシンガー
5022,ライジングサン
5023,ハルカフジ
5024,シルクシンフォニー
5025,ユールフェスト
5026,エイシンキンチェム
5027,ビップイシマツ
5028,オールステイ
5029,ゲットアテープ
5030,ハッピーメモリーズ
5031,クリノジュロウジン
5032,オーシャンパワー
5033,シルクコスモス
5034,シニスタークイーン
5035,ミッキーオーラ
5036,パンタレイ
5037,テーオーサクセス
5038,クロンドローリエ
5039,マックスストレイン
5040,オリーブジュエル
5041,ケイアイエイト
5042,カレンシュガーレイ
5043,マイネルグラード
5044,タムロトップステイ
5045,カフナ
5046,アイビーフォールド
5047,タマモコントラバス
5048,リアリーサムシング
5049,ノボプレシャス
5050,ケントヒーロー
5051,カシノヒカル
5052,フリオグレイスー
5053,シシャモオージ
5054,ヴォラータ
5055,ウタヒメ
5056,グランデクロコ
5057,エーデルシュタイン
5058,フォレストピア
5059,トミケンブリランテ
5060,テーオーケンジャ
5061,ジャベリン
5062,メイショウアキシノ
5063,サンマルクイーン
5064,カシノエルフ
5065,リッカシェクル
5066,トーホウビッグガン
5067,マキハタテノール
5068,ワイドワンダー
5069,サイモンガーランド
5070,ステキナシャチョウ
5071,トップルビー
5072,カレンシェリーメイ
5073,モオプナツヨシ
5074,シャルロッカ
5075,アスターローズ
5076,タイセイゼニス
5077,エイティグローリー
5078,シュバインハーベン
5079,ジャマイカジョー
5080,ワキノネクサス
5081,ゴールデンジャガー
5082,リズミックビート
5083,ドニカナルボーイ
5084,ステーキ
5085,ストームジャガー
5086,ラフジェントリー
5087,スズカブリザード
5088,メイショウツバクロ
5089,ヒカリセット
5090,ロケットダッシュ
5091,シゲルカリン
5092,ジャストザブレイン
5093,インヴォーク
5094,アグネスキング
5095,ドントタッチミー
5096,サンライズウォー
5097,アサケゴマ
5098,スマートアレンジ
5099,デンコウリョウ
5100,マルモグリフィス
5101,カシノチョッパー
5102,アーネストミノル
5103,メイショウアルファ
5104,ダコール
5105,マジカルツアー
5106,プリンシペアスール
5107,ナムララオウ
5108,バイオレットアロー
5109,ハワイアンソルト
5110,メイショウソレイユ
5111,ブラゾン
5112,マルカファイン
5113,タガノナパヴァレー
5114,コスモアケルナル
5115,レッドレイチェル
5116,ディザイラブル
5117,オーファメイ
5118,アヴァール
5119,ホープタウン
5120,パープルタイヨー
5121,キママホウダイ
5122,ハッピーロングラン
5123,クインスウィーティ
5124,マダムリシェス
5125,シンワウォッカ
5126,マウントフジ
5127,ゼンノステルス
5128,タイセイクインス
5129,ポイントパイパー
5130,メモリーレーン
5131,テイエムスリラー
5132,ツルマルレオン
5133,ワースムーン
5134,ネオヴァリアント
5135,ピエナトップガン
5136,ランドルト
5137,テイエムオデッセイ
5138,ランミネルバ
5139,ボールドジャパン
5140,ウォーターラボ
5141,ダイワプロパー
5142,ブライトボイス
5143,キャンディーハウス
5144,マナスル
5145,ソロデビュー
5146,スズカアドニス
5147,ギブアンドテイク
5148,モンドシャルナ
5149,グレイスフルワード
5150,ケイリンボス
5151,メイショウアズミノ
5152,ダイヤモンドハイ
5153,ウイングパラダイス
5154,ミラクルフラワー
5155,ダテノハクトラ
5156,キクタロウ
5157,サムソンズシエル
5158,エイシンノーティス
5159,マイネルサグラ
5160,グローリーミスト
5161,ミトノグラス
5162,トッケンドーナ
5163,コパノディール
5164,ラプレシオーサ
5165,タービランス
5166,ロンリーウーマン
5167,アルトゥーナ
5168,バンザイ
5169,サンライズジャパン
5170,ドリームチェイサー
5171,ステイブレイズ
5172,マンディスキュア
5173,ウイングジャパン
5174,ローレルトルネード
5175,ウルトラカイザー
5176,アウヤンテプイ
5177,ハヤブサペコチャン
5178,エクシードリミッツ
5179,サウンドドゥイット
5180,アミーキティア
5181,グランジゲレイロ
5182,スペチアーレ
5183,クリノツネチャン
5184,クロニクルスカイ
5185,パリソワール
5186,ファインドヌーヴ
5187,ジュガンティーヤ
5188,ショウナンガッチャ
5189,モンドアルジェンテ
5190,ツクバイーメーカー
5191,ロワサーブル
5192,レオネプチューン
5193,キュールエアリス
5194,スズカバーディー
5195,キーパンチャー
5196,プレイザゲーム
5197,リンダリンダ
5198,コパノミライ
5199,エイシンキロオル
5200,リリカルホワイト
5201,マカーオーン
5202,トーホウジャッカル
5203,レアヴェントゥーレ
5204,リッパーザウィン
5205,シンガン
5206,ケンブリッジアーサ
5207,レッドソロモン
5208,ブレーヴマン
5209,ウエスタンソーレ
5210,ニホンピロアンバー
5211,アラモアナワヒネ
5212,アフターダーク
5213,ペイシャオブマーシ
5214,ドナルチア
5215,ジャーニーマン
5216,マダムクレアシオン
5217,マラドーナスピン
5218,ハピネスヒーロー
5219,デルマオカル
5220,レディトリス
5221,オーシャンブルグ
5222,ベルフィオーレ
5223,メイショウナゴミ
5224,トランザムスター
5225,デュアルメジャー
5226,メジャーガラメキ
5227,ヘニースウィフト
5228,トゥルーストーリー
5229,ビレッジトプテム
5230,イシス
5231,ラブローレル
5232,ミッキーサクセス
5233,ジンライムデザイア
5234,セルバンテス
5235,スピードルーラー
5236,オールパーパス
5237,ランドオザリール
5238,サダムロードショー
5239,ワクワクカンヲ
5240,コンドッティエーレ
5241,エリモジパング
5242,ロードフェンネル
5243,ブレイヴフィート
5244,メイショウクローバ
5245,サンアグライア
5246,チェーザレ
5247,ヒラボクボーノ
5248,マルイチスクワート
5249,レッドルシファー
5250,マルカウォーレン
5251,デヴァスタシオン
5252,ヒルノデンハーグ
5253,ブルースブレイカー
5254,テイケイネクサス
5255,マイネルネッツ
5256,グラブザフラッグ
5257,スマイルフォース
5258,ケイエスミラージュ
5259,ヤマノハヤブサ
5260,マッドアバウトユー
5261,ムーンフライト
5262,レッドジャイヴ
5263,マイネボニータ
5264,ステラストリーム
5265,リボントリコロール
5266,アワフレイム
5267,マイケルチョウサン
5268,スヴァラッシー
5269,ミラクルアスク
5270,ロゼラニ
5271,スイートクラウン
5272,ニホンピロヘーラー
5273,アズマクィーン
5274,キモンイーグル
5275,ショウナンライコウ
5276,エムオーマジック
5277,ヴィクトリースノー
5278,ケモノタイプ
5279,レッドムーン
5280,キャプレット
5281,ロットリー
5282,レッドオーラム
5283,ヴィクトリーノヴァ
5284,セルリアンシュロス
5285,ショウリュウバイオ
5286,アクセラレート
5287,ダンツカペラ
5288,ヒロフォーシーズン
5289,ハイドンセット
5290,オーラクィーン
5291,メイショウラリマー
5292,ニナフェアリー
5293,レッドムーヴ
5294,バシニアティヴ
5295,バスティード
5296,モンテエクリプス
5297,アルマセクレタ
5298,スプリングシャトル
5299,マルクナッテ
5300,ユーカリノカゼ
5301,ルーベンスクラフト
5302,タガノコルコバード
5303,トーセンゴージャス
5304,プルメリアスター
5305,クレスコモア
5306,マーティンオート
5307,ウインオーラム
5308,ガラッシアファータ
5309,ファイアフライ
5310,スマートグレイス
5311,レッドルヴァン
5312,パルパルパピヨン
5313,ロードワイルド
5314,ベアファースト
5315,ショウナンランパダ
5316,スクワドロン
5317,シンゼンガンプ
5318,ラッキープリンス
5319,ヤマニンアタシャン
5320,シンサン
5321,ジギースンナー
5322,フォルゴラーレ
5323,ヨイチナデシコ
5324,パトロクロス
5325,シゲルオウシザ
5326,ウマクイクトオモウ
5327,リュウツバメ
5328,フラワーハート
5329,カシノリノ
5330,オキテスグメシ
5331,マークスマン
5332,アダムスブリッジ
5333,センコウノマイヒメ
5334,グリーングリーン
5335,テイエムテンリュウ
5336,エトランドル
5337,サンライズセンス
5338,ジャジャウマナラシ
5339,キャレモンショコラ
5340,ハッピーノリチャン
5341,ヨッテウタッテ
5342,トゥルーカラーズ
5343,ダイワラスター
5344,クインズストーム
5345,ラウレアブルーム
5346,キッスアフィニティ
5347,エストレージャ
5348,セフィーロ
5349,アースエンジェル
5350,ピクニックソング
5351,インターンシップ
5352,アーブル
5353,キャノンプレート
5354,ゴットロブロイ
5355,ブリリアントミノル
5356,エイシンファイヤー
5357,ワーキングプライド
5358,ヤマニンエルフィン
5359,インプレショニスト
5360,コルヌコピア
5361,ガーリッシュハート
5362,マズイマズイウマイ
5363,ベルリネッタ
5364,メイショウキリサメ
5365,ミリオンフレッシュ
5366,エンジェルミディ
5367,レッドランタン
5368,チャパラ
5369,トウケイアロー
5370,サトノダイレンサ
5371,ゼロレボルシオン
5372,トウカイエンプレス
5373,アスターストーム
5374,サンレイクウッド
5375,デイドリーム
5376,ブリッツカイザー
5377,ノーブルサイレンス
5378,サカダッシュ
5379,ハワイアンローズ
5380,ウールーシュヴァル
5381,アルパーシャン
5382,コスモアルヘナ
5383,メリーモナーク
5384,アドマイヤリバティ
5385,シャンデリアハウス
5386,シュンクルーズ
5387,アスクジョーダン
5388,バチスタ
5389,メイショウオオラカ
5390,コーリンバロック
5391,ナナチャン
5392,ヤマニンシバルリー
5393,メイショウネブタ
5394,ウインドストリーム
5395,ビッグプレゼンター
5396,カッパドキア
5397,ビキニスタイル
5398,シュネール
5399,ビコーワンダフル
5400,ダイナミックガイ
5401,ナムラマミー
5402,コスモピーコック
5403,マスターリデル
5404,ヤマニンファラオ
5405,サチノクイーン
5406,シホウ
5407,ディープウェーブ
5408,ハイプレッシャー
5409,ジェットソング
5410,センショウゴールド
5411,ペプチドウインド
5412,ニューコネクション
5413,デンコウセキトバ
5414,ダンツクロノス
5415,アドマイヤメテオ
5416,フミノスナイパー
5417,キングズウェザー
5418,ダイワスパンキー
5419,サオトメ
5420,アルティマプリンス
5421,アイファーマシェリ
5422,トシファイブスター
5423,ピュアライン
5424,エグゼビア
5425,ファイアボール
5426,エルウェーオージャ
5427,バルタザール
5428,ローレルベローチェ
5429,メイショウワダイコ
5430,ヒラボククラウン
5431,イデア
5432,ラグジードライブ
5433,ダノンロンシャン
5434,タイダルベイスン
5435,ブラッククローバー
5436,コパノハート
5437,メイショウマサカゼ
5438,ヴェルデホ
5439,ダンツキャッチ
5440,トシストロング
5441,ハイベストバイオ
5442,コルサーレ
5443,ザトゥルーエアー
5444,タイセイシュバリエ
5445,レントラー
5446,メイショウリンクス
5447,レッドアルティスタ
5448,アイオシルケン
5449,セルリアンコスモ
5450,アグリッパーバイオ
5451,ヴォルスング
5452,オースミチャド
5453,サンライズバード
5454,ケイアイヴァーゲ
5455,クリーブラット
5456,アートアロング
5457,ヴァイスフェッター
5458,シャトールージュ
5459,エアロヴェロシティ
5460,カラフルブラッサム
5461,イルーシヴキャット
5462,シゲルチャグチャグ
5463,プラチナコード
5464,エルノルテ
5465,イサチルホープ
5466,ジャミールカズマ
5467,ウォーターメアヌイ
5468,グランデサムライ
5469,トゥーレドゥー
5470,ケープオブホープ
5471,ネオジェネシス
5472,タガノギャラクシー
5473,ヴァイセフラウ
5474,レガリテート
5475,スターペスユウコ
5476,トリックデック
5477,タピエス
5478,ブリンディス
5479,カシノハリウッド
5480,ハクサンエルモ
5481,メイショウオヤシオ
5482,マスターウィッシュ
5483,カネトシビバーチェ
5484,ガルデルスリール
5485,ビットレート
5486,ガートルード
5487,ルールビクトリア
5488,キュークッキング
5489,フェイトカラー
5490,ドラゴンストリート
5491,レッドジゼル
5492,ゴースルー
5493,スズカジョンブル
5494,キーアシスト
5495,アドマイヤスター
5496,メイショウブーケ
5497,カペナ
5498,パーフェクトスコア
5499,チャップリン
5500,クラウンシュバルツ
5501,コンセギール
5502,ブレヴァン
5503,ダンツトーラス
5504,デンコウインパルス
5505,ウエスタンプリンス
5506,ノアポルテ
5507,トゥヴァビエン
5508,パフュームボム
5509,エイヴィアンボス
5510,ヘミングウェイ
5511,エーシンハクリュー
5512,タイマツリ
5513,サウザンドエース
5514,カミングアップ
5515,アドマイヤシャイ
5516,タガノベルーガ
5517,テイエムトラネコ
5518,カレンバッドボーイ
5519,グッドスピリッツ
5520,トゥザレジェンド
5521,ワンダーフォルテ
5522,ジルダ
5523,セトノミッシー
5524,ナムラケンシロウ
5525,ブラックバード
5526,バイオレットムーン
5527,アクロマティック
5528,バトルクライス
5529,エターナルトルース
5530,スランジバール
5531,トワエモア
5532,フォンタネットポー
5533,キタサンコンサート
5534,テイエムヒーロー
5535,タイガーボス
5536,サンレイデジタル
5537,グルーヴァー
5538,メイショウサンゾウ
5539,クリスタルタイソン
5540,ヴェンジェンス
5541,ビナイーグル
5542,シゲルキハダマグロ
5543,デピュティスカイ
5544,リチュアルローズ
5545,ミキノヘラクレス
5546,ゴブレット
5547,ニホンピロボーラー
5548,ハギノナトゥーラ
5549,ミンナノプリンセス
5550,ガンピット
5551,ベストサーパス
5552,フミノインパルス
5553,ファイトユアソング
5554,トウキョウタフガイ
5555,ドンアルフォンス
5556,ステイザコース
5557,コートオブアームズ
5558,マイネルレオーネ
5559,ラッシュアタック
5560,トラヴィス
5561,ゴールドクラウス
5562,サンウィノナ
5563,オリエンタルリリー
5564,ノミネーション
5565,ディレットリーチェ
5566,クローソー
5567,レッドファーレン
5568,アグネスフォルテ
5569,クライシス
5570,ラハトケレブ
5571,クラシックリディア
5572,ナムラアン
5573,サンデーウィザード
5574,トーホウスペンサー
5575,キンショータイム
5576,ウメマツサクラ
5577,ウォーターピオニー
5578,タガノミルキー
5579,オフクヒメ
5580,ダイアモンドノーム
5581,ゼットフーリ
5582,タイセイマライカ
5583,プリンセスセイコ
5584,メイショウベニフジ
5585,ノーザンバローズ
5586,ランディングバース
5587,レッドディザーブ
5588,レモンティー
5589,サプライズライン
5590,タマモユウトウセイ
5591,エーシンサミット
5592,サトノコスミック
5593,サチノリーダース
5594,エナジータウン
5595,タニオブローズ
5596,エスジープログレス
5597,アルマエルモ
5598,ビバワールド
5599,ピースオブジャパン
5600,オカホンコー
5601,キミニヒトメボレ
5602,アグネスヴェルテュ
5603,ワンダフルバディ
5604,トーホウレゼルヴ
5605,ビオラフォーエバー
5606,サトノフラクタル
5607,スリーダッシュ
5608,セルリアンアクウー
5609,サンライズワールド
5610,サンデーミノル
5611,ヴァンヘルシング
5612,ニシノシュロ
5613,ヨヨギマック
5614,アドマイヤカロ
5615,ワイレアワヒネ
5616,ビービーブレイン
5617,ビジョナリー
5618,アグネスユーリヤ
5619,ゲンキチハヤブサ
5620,シラユキ
5621,ゲネラルプローベ
5622,アカリアイドル
5623,タムロダイチ
5624,ナリタスカイ
5625,サグレス
5626,ダノンサイクロン
5627,マイネマレフィカ
5628,エアマチュール
5629,ラグタイム
5630,ドラゴンヴァース
5631,カレンラストショー
5632,ロードグリッター
5633,レインボーソング
5634,レジェンドパワー
5635,フォルシャー
5636,ヤマニンガーゴイル
5637,ラヴィオリ
5638,イロリ
5639,サウンドターゲット
5640,ヤマホトトギス
5641,エーデルグランツ
5642,ベネフィットユー
5643,ナイトジャスミン
5644,サダムダイジョウブ
5645,テイエムレンジャー
5646,マイネルプレッジ
5647,シェーンメーア
5648,エクセルフラッグ
5649,ニチドウリュンヌ
5650,ストレートラブ
5651,グレイングロース
5652,フィボナッチ
5653,ジェルブドール
5654,ドラゴンバローズ
5655,フミノミニスター
5656,プロセルピナ
5657,ラブミーテンダー
5658,フロイデシューネル
5659,ホシヅキヨ
5660,タガノスカイ
5661,オヒア
5662,ショウナンマキシム
5663,カレンローザネーラ
5664,グランデコマンド
5665,グッドカフェ
5666,ナムラアッパー
5667,ケージーサクランボ
5668,オールオブナイト
5669,ケイエスポーラ
5670,ミッキーピオーネ
5671,ロードガンブラック
5672,スズカキングダム
5673,アーバンレジェンド
5674,サンライズトーク
5675,サカジロヴィグラス
5676,サンフレイム
5677,ハクユウカンベエ
5678,ゴマスリオトコ
5679,スズカチャンプ
5680,レッドカイザー
5681,キンコバン
5682,アイファーサンディ
5683,オーディンバローズ
5684,ジンセイハオマツリ
5685,オウケンワールド
5686,ゴーザトップ
5687,ハーマンミュート
5688,オンワードバース
5689,レデントーレ
5690,カジノプレイヤー
5691,ミッキーバルーン
5692,オイルタウン
5693,アリエスジューゴー
5694,ヴェントアウレオ
5695,サンライズアルブル
5696,ニホンピロディール
5697,リッチガール
5698,マイネルマエストロ
5699,グラーネ
5700,ヘイムダル
5701,タガノスマイル
5702,ミキノノボリリュウ
5703,ノボリフジ
5704,シェアザジョイフル
5705,ダノンブライト
5706,エイシンカラット
5707,ディアブルーダー
5708,エンジェヌー
5709,ギャラクシーエクス
5710,ファイアリシンゾウ
5711,コランダム
5712,バルビーナ
5713,フォースフィールド
5714,メイショウルンバ
5715,オルロフ
5716,ポロタン
5717,ヤサカナンティー
5718,セイユニコーン
5719,アドマイヤロマン
5720,ハドウホウ
5721,ロングスピーク
5722,グレイスミノル
5723,フォールインラブ
5724,スノードリーム
5725,ジュアンマリエ
5726,ダブルフラワー
5727,ティルヴィング
5728,エミーズレシピ
5729,クリスタルキャノン
5730,レッドリュンヌ
5731,ニシノハナムスメ
5732,ダンツレガリア
5733,メジェルダ
5734,ロードヴァンドール
5735,ショウナンハルカス
5736,マイネルザウバア
5737,エイシンクローバー
5738,ベッティング
5739,アートオブダムール
5740,ヘッチエ
5741,バンドオンザラン
5742,ライフライン
5743,ニシノキララコ
5744,アドマイヤスカイ
5745,アグネスリバティ
5746,キングニミッツ
5747,カラビナ
5748,カフジキング
5749,エバーハーモニー
5750,イーストオブザサン
5751,メイショウレンマ
5752,クライミングローズ
5753,フィールドシャルム
5754,テイエムオペラドン
5755,ジェット
5756,ミスズダンディー
5757,トウケイフクキタル
5758,ブラックブリーズ
5759,ドルチャーリオ
5760,タイキレガトゥス
5761,グランプリアクセル
5762,ハワイアンリズ
5763,ジェイシックス
5764,フェイブルネージュ
5765,ダブルフェイス
5766,サクラヴァローレ
5767,フルオブスターズ
5768,ユキノサンブライト
5769,ラッキーダン
5770,アイムウィッシング
5771,エイシンガイア
5772,イスズブライト
5773,ルピナスベル
5774,トリニティプレイス
5775,アイアンマン
5776,メイショウナガマサ
5777,ミスエリカ
5778,ドラゴンシュバリエ
5779,バシレウスライオン
5780,アンクルダイチ
5781,フラワープレミア
5782,ジャコマル
5783,インヴィクタ
5784,アンノートル
5785,ディープウォーリア
5786,トリオンフ
5787,コリエドール
5788,コパノカーニバル
5789,バティスティーニ
5790,ミライヘノビジョン
5791,カンテサンス
5792,オルディル
5793,ローズジュレップ
5794,エポック
5795,ドゥラリュール
5796,マイネルプロンプト
5797,レイリオン
5798,スナークスカイ
5799,コスモアルコン
5800,グリマープリンセス
5801,グラミスキャッスル
5802,ファジーネーブル
5803,グランシェリー
5804,アンミ
5805,コメットシーカー
5806,レジメンタル
5807,スカーレットデビル
5808,クローディオ
5809,アイファーマグオー
5810,トウカイトレジャー
5811,ナンヨーテンプル
5812,ジャングルスコール
5813,エンゲルフライト
5814,ブライアンキング
5815,ライトフェアリー
5816,クリールハヤテ
5817,メイショウミソラ
5818,オメガタックスマン
5819,トキワ
5820,ウインベントゥーラ
5821,アトリエ
5822,ネクストムーブ
5823,ビレッジゴールド
5824,ガルガンチュア
5825,トウショウコマンチ
5826,アートラヴァー
5827,ベルリンガー
5828,セイカエドミザカ
5829,ロードボアソルテ
5830,レッドアライヴ
5831,ブロンクスシルバー
5832,ヒムカ
5833,エアーウェーブ
5834,バトルグランドリイ
5835,グリーンバシリスク
5836,ハートイズハート
5837,ユッセ
5838,ラブミーロード
5839,プリンシパルスター
5840,ニシノグリーディ
5841,ゴルトシュミット
5842,プレゼンスブルー
5843,エンドレスシャイン
5844,オリエンタルダンス
5845,ノーブルソニック
5846,サンレイフローラ
5847,ヒメキヨヒダカ
5848,ウィステリアメジロ
5849,ポップスキャット
5850,タツゴウゲキ
5851,タイタニウム
5852,シャイニーデイズ
5853,シャドウゲーム
5854,スターチェイサー
5855,コウユーココロザシ
5856,タイキラトナンジュ
5857,タイキパラドックス
5858,シンボリマティス
5859,ブロンディジェニー
5860,ハコダテローズ
5861,トウカイクローネ
5862,トリンカファイブ
5863,トウショウジャイロ
5864,ダンツエイコウ
5865,ツクバジャパン
5866,バリス
5867,ヒルノマレット
5868,クィーンチャーム
5869,トーホウスプライト
5870,スターリーウインド
5871,カリテスグレース
5872,コスモアルドラ
5873,アンドトゥモロー
5874,レッドソレイユ
5875,トミケンシェルフ
5876,パパラヴズマンボ
5877,エルドリッジ
5878,サトノキングダム
5879,レインボーフラッグ
5880,フォルス
5881,ティールグリーン
5882,セイウンエオリア
5883,ディスティニーガイ
5884,ダイワハッスル
5885,グラスアクト
5886,スケロク
5887,ユーガッタフレンド
5888,カゼノトビラ
5889,ローレルウラノス
5890,サンライズクロンヌ
5891,エイシンハドソン
5892,ラフェットデメール
5893,ボーシエル
5894,ケイブルグラム
5895,カズノテナンゴ
5896,ミッキードラマ
5897,エニシイチダイ
5898,ジーアイウォーカー
5899,スキャットエディ
5900,フォースリッチ
5901,コパノリスボン
5902,チェイスダウン
5903,イザ
5904,プレーゴブレッサ
5905,ベステンダンク
5906,ストロボフラッシュ
5907,ペニーウェディング
5908,ラブターボ
5909,ゴールドエッグ
5910,ロワノワール
5911,ペイシャバラード
5912,ツーエムマイスター
5913,キアロスクーロ
5914,カガハリウッド
5915,モアアピール
5916,テイエムシャンパン
5917,マーシレス
5918,サンマルヴィグラス
5919,ドゥーイット
5920,ワイエムテイラー
5921,トレノカチドキ
5922,ケージーキンカメ
5923,エイシンローリン
5924,アデレードヒル
5925,プリンセスオーラ
5926,キーウエスト
5927,クリスタルガーデン
5928,ビジータイム
5929,ミディ
5930,メナスコ
5931,ナリタピクシー
5932,ヒメタチバナ
5933,コスモヴェッキオ
5934,トモジャハリーフ
5935,カレングランブルー
5936,マルカベッカム
5937,ゼンノサーベイヤー
5938,ハルマッタン
5939,キンシロケット
5940,キョウエイボヌール
5941,トモジャボーン
5942,メッサーウイング
5943,エスプリベルテ
5944,サニーデイヒーロー
5945,ハネト
5946,ノンブルドール
5947,スズヨローズ
5948,アフィニータ
5949,トウシンハンター
5950,エッジースタイル
5951,ツキミチャン
5952,ヨシノザクラ
5953,ボラボラ
5954,アルケミスト
5955,サトノマイヒメ
5956,ニュードラゴン
5957,クラウンアゲン
5958,ショウナンマシェリ
5959,スーパープリンセス
5960,スマートシモーヌ
5961,ジェスロ
5962,ブレイズガール
5963,メイショウガーデン
5964,フォイヤーヴェルク
5965,ララエクラテール
5966,キーフォーサクセス
5967,バードオンアスク
5968,バンダムザブラッド
5969,ハギノカエラ
5970,ピーキー
5971,ジェントルハート
5972,エフェクト
5973,ワントゥワン
5974,スノーマン
5975,スマートスペクター
5976,カレンオプシス
5977,エーデルメイシュ
5978,ラグナグ
5979,サンヴィヴァン
5980,ウインテンダネス
5981,ジャストコーズ
5982,グレートアイランド
5983,スカイパッション
5984,ナタリーバローズ
5985,フェルクレール
5986,カフジビーナス
5987,シンキロウ
5988,ゴールドエフォート
5989,アルティマヒート
5990,オアーゾ
5991,ノーブルリーズン
5992,ショウナンライム
5993,メローハーモニー
5994,シベリアンマッシブ
5995,グレースシャンティ
5996,タニマサガール
5997,ティーエスナイン
5998,シャインブライト
5999,パラノーマル
6000,コンフィアンサ
6001,ウインクルスーパー
6002,シャイニーサン
6003,サトノプレステージ
6004,カノヤカンザクラ
6005,リスクオン
6006,リリーヴィクトリー
6007,クィーンパレット
6008,エアリーチューン
6009,リアルプロジェクト
6010,メイショウミラコロ
6011,アドマイヤムテキ
6012,ラスベガスシチー
6013,ヨウチエンコース
6014,シゲルナガイワシ
6015,フィランソロフィー
6016,エムティーシャトル
6017,ヤマトダイアンサス
6018,サクレメジャー
6019,バーバリライオン
6020,ウォーターミリオン
6021,ショウナンアヴィド
6022,フェイス
6023,クラウディオス
6024,アンジュドボヌール
6025,サトノシャルマン
6026,アプリコットベリー
6027,ベルメール
6028,デビュタント
6029,シンラバンショウ
6030,ダークブルー
6031,トップオブテーラー
6032,エーシンザピーク
6033,ポルボローネ
6034,リンガディンドン
6035,メイショウヤマホコ
6036,アグネスマクシム
6037,スズカステイボーイ
6038,コアプライド
6039,レッドファルダ
6040,ハラペーニョペパー
6041,マルカメテオ
6042,ホッコータフネス
6043,タガノロブロイ
6044,メイショウカネサダ
6045,シゲルクロマグロ
6046,アポロテキサス
6047,シンゼンスタチュー
6048,ラブゴーギャン
6049,クリノシャンボール
6050,アンフレシェ
6051,パワーウーマン
6052,サクラビクトワール
6053,アースミッション
6054,シウダニーニャ
6055,サトノマルス
6056,トレジャートローヴ
6057,フォーアライター
6058,オリエントワークス
6059,ツリーナッツヒメ
6060,ゴルゴバローズ
6061,トッコディルーチェ
6062,サーサルヴァトーレ
6063,ウインソワレ
6064,メイショウシャチ
6065,ウルトラバローズ
6066,ポップオーヴァー
6067,スリーネルソン
6068,トスカニーニ
6069,デンコウハシャ
6070,サンディークス
6071,ブロウユアマインド
6072,ダンツホーネット
6073,ザハッピエスト
6074,マハロマナ
6075,アバンサル
6076,マインシャッツ
6077,ティマイドリーム
6078,オーロラポラリス
6079,スキースクール
6080,メイショウバンダイ
6081,クリノミユキチャン
6082,メイショウワカアユ
6083,エピックウィン
6084,スリーパスポート
6085,ロマンチスト
6086,フェイフェイ
6087,ピエールドリュヌ
6088,メイショウチギリ
6089,キングカヌヌ
6090,ジョウショーチカラ
6091,ハローマイディア
6092,タニノマンボ
6093,フィールドリアン
6094,テイエムテツジン
6095,カノヤプレジデント
6096,カフジデンジャー
6097,ロードレグナム
6098,エフハリスト
6099,ワンダーブラザウン
6100,エイシンピカソ
6101,タマモワカサマ
6102,シルバーソード
6103,レッドヴェルサス
6104,エイシンビジョン
6105,ダイゴマサムネ
6106,エイシンダーラ
6107,エアシーラン
6108,クールジョーカー
6109,サトノワイバーン
6110,スズカグランデ
6111,パスファインダー
6112,アオリスト
6113,デモニオ
6114,セプティエーム
6115,ウォーターフレアー
6116,ドリームネイチヤー
6117,ディープオーパス
6118,サウスオブボーダー
6119,ウェーブキング
6120,タガノアーバニティ
6121,シーサイドバウンド
6122,エイシンナセル
6123,アフターミー
6124,アルコステラート
6125,バイオレットフィズ
6126,エレメンツ
6127,メイショウハクラク
6128,マスクゾロ
6129,タガノバラード
6130,バンドワゴン
6131,ナイトオブナイツ
6132,エイシンペペラッツ
6133,ゼウスバローズ
6134,イレイション
6135,ウインハートビート
6136,スリーカラーナンゴ
6137,オデッタ
6138,アイファーハート
6139,アダムズアップル
6140,レッドリーガル
6141,フェザリータッチ
6142,モンラッシェ
6143,エイシンミノアカ
6144,ウインオスカー
6145,コンテナ
6146,リッカクロフネ
6147,マイネルボールド
6148,エイシンギガント
6149,アフターバーナー
6150,スーパーモリオン
6151,アスタースウィング
6152,メイショウギガース
6153,キタノユーリン
6154,ポンテドーロ
6155,メイショウソウビ
6156,イイデメモリー
6157,ダイアナヘイロー
6158,ペルルクロシュ
6159,ウインミレーユ
6160,メイショウスイヅキ
6161,アイファーサラオー
6162,キョウワエステル
6163,テイエムナナヒカリ
6164,ミッキーシャンティ
6165,スティルウォーター
6166,ホットファイヤー
6167,エクセレントミスズ
6168,マリネリス
6169,オンファロス
6170,ノアブギー
6171,ハイヴォルテージ
6172,ミスズスター
6173,ナッツスター
6174,サトノアイリ
6175,マリーズラン
6176,マイネルパラディ
6177,アンジュデジール
6178,ペイドメルヴェイユ
6179,ケンビション
6180,デュトロノミー
6181,フィスキオ
6182,ラブパッション
6183,コチ
6184,シャンパンゴールド
6185,キンショーユキヒメ
6186,クールゼファー
6187,トーセンクリス
6188,クラウンアイリス
6189,ショウナンタイザン
6190,ワンアフター
6191,シンキングカミユ
6192,ケンブリッジリニア
6193,マカレア
6194,エントリーチケット
6195,メイショウベルボン
6196,ラーナアズーラ
6197,ハットラブ
6198,エンゲルヘン
6199,タケショウベスト
6200,キャンディハート
6201,レイナデレイナス
6202,ローズウィスパー
6203,ゴールドファーム
6204,ミッキーディナシー
6205,スパイチャクラ
6206,スペードクイーン
6207,タイムレスメロディ
6208,タマモブリリアン
6209,ヒワラニ
6210,ヒマラヤキンラン
6211,メイショウツレヅレ
6212,サンエイゴールド
6213,アグネススターダム
6214,ナムラヘイハチロー
6215,カサロサーダ
6216,アドナルシー
6217,ソウダイショウ
6218,ジェントルヴァウ
6219,トーホウバード
6220,ティーエスバラ
6221,マイネルデアデビル
6222,サフランハート
6223,スズカプリズム
6224,フルムーンソング
6225,バオバブ
6226,ゼンノトライブ
6227,ゼンノハーデース
6228,セルリアンラッシュ
6229,サンビショップ
6230,アドマイヤジャズ
6231,ドラゴンケーニッヒ
6232,アマレッティ
6233,サトノマジカル
6234,ムーントラベラー
6235,マサノハナチャン
6236,レッドルシアン
6237,ユリ
6238,エイシンニトロ
6239,メイショウゴテツ
6240,ダイナミックアロー
6241,タガノグロリオーサ
6242,メイショウダッサイ
6243,トゥールエッフェル
6244,グレートヒット
6245,クラウンドジャック
6246,ランウェイ
6247,ラファーガ
6248,ヴァーサトル
6249,シップーコウライ
6250,ナポレオン
6251,マスタープラマー
6252,ハギノパトリオット
6253,ダンシング
6254,タガノヴェリテ
6255,ミキノトロンボーン
6256,ブレイクエース
6257,キングスクルーザー
6258,ワンダーエターナル
6259,シェーネフラウ
6260,カシノエイシ
6261,ペイザージュ
6262,エクスペクトパレス
6263,アンバーグリスキー
6264,キングパール
6265,ウインアーマー
6266,スズカビスタ
6267,テイエムジンソク
6268,ミキノハルモニー
6269,メイショウボノム
6270,グランパルファン
6271,コウエイラブリー
6272,サンライズシーズン
6273,スワニルダ
6274,ショウナンカイドウ
6275,タキオンレディー
6276,インテグラード
6277,アグネスアーニャ
6278,センショウレイナ
6279,ロードキング
6280,ブルーフラッシュ
6281,タイセイパルサー
6282,トウケイワラウカド
6283,スーパーライナー
6284,エイシンハリケーン
6285,シゲルノマオイ
6286,トウケイダンディ
6287,サウンドスタジオ
6288,ディナスティーア
6289,ノースメイジャイ
6290,ストライクイーグル
6291,ダイシンバルカン
6292,ナガラブルボン
6293,ジュエルメッセージ
6294,バーサーカー
6295,メイショウフライキ
6296,クロスアンジュ
6297,アグリナンバーワン
6298,セレッソレアル
6299,キクノレジェ
6300,モズスター
6301,エスペランサリュウ
6302,サカジロテンオー
6303,アグネスヒーロー
6304,ゼンノタヂカラオ
6305,サルドナ
6306,ジョーマイク
6307,オメガハートソング
6308,ロックオン
6309,トップノート
6310,ノーブルスノー
6311,ガロファノ
6312,ジャーマンアイリス
6313,ダンツチェック
6314,ベルクリア
6315,マッカナバラ
6316,オーミパドドゥ
6317,ウエスタンビジュー
6318,キョウワゼノビア
6319,ブライティアレディ
6320,クリノスーアンコー
6321,サンライズビーム
6322,ラッシュストーム
6323,ローカルロマン
6324,イザシュツジン
6325,メイショウシシマル
6326,ピエリーナ
6327,スマートノエル
6328,サントノーレ
6329,サーティグランド
6330,マルクデラポム
6331,シゲルサンマ
6332,アナフィエル
6333,キクノブレイン
6334,ナムラボルト
6335,ソリティール
6336,イェドプリオル
6337,セングウ
6338,ヨドノナイト
6339,カフジナイサー
6340,ヤマイチレジェンド
6341,ジョースターライト
6342,アドマイヤデライト
6343,ドゥドゥドゥ
6344,レッドジェイド
6345,カレン
6346,ブレイヴバローズ
6347,ニシノヒナマツリ
6348,アースミステリー
6349,スズカアカデミー
6350,ウーマッハ
6351,ブリリアントアート
6352,ザベストエバー
6353,ゲンパチケンシン
6354,カシノロマンス
6355,ミルトプリンス
6356,キャラメルフレンチ
6357,アクート
6358,グランノーブル
6359,ラスイエットロス
6360,トゥルーハート
6361,ジェムラッシュ
6362,インペラトーレ
6363,ルックトゥワイス
6364,ジュンファイトクン
6365,マコトクラダリング
6366,レプランシュ
6367,ヴェネト
6368,メイショウカクオビ
6369,プロタゴニスト
6370,ツインフルムーン
6371,パレード
6372,スイートイデアル
6373,セレッソプリマベラ
6374,アルムチャレンジ
6375,リュミエールドール
6376,ハヤブサナンデダロ
6377,テイエムアンムート
6378,ロージズバード
6379,スペシャルホース
6380,ブラヴォバンビーノ
6381,ロッキーバローズ
6382,ララメダイユドール
6383,シルヴァーメテオ
6384,デジャブ
6385,ミスズバード
6386,スプリングフット
6387,ダノンオブザイヤー
6388,トワードポラリス
6389,ゴールドサーベラス
6390,ヨカグラ
6391,ハドソンシチー
6392,ラッシュアワー
6393,エアワイバーン
6394,ユークリッド
6395,プラウドウルフ
6396,コスモバーダン
6397,ペイシャゴンジセ
6398,ナンヨーファミユ
6399,ウランゲル
6400,ソレイユフルール
6401,イヴノオモイデ
6402,キットダイジョウブ
6403,クーロゼ
6404,チェアーグライド
6405,ワシントンレガシー
6406,サダコチャン
6407,ユイノルフィ
6408,ダダッコ
6409,ヨドノベスト
6410,サンバダンサー
6411,アルポアドール
6412,ヒカリトップメモリ
6413,アポロリュウセイ
6414,エイシンジルコン
6415,リングオブハピネス
6416,クィーンビー
6417,グランディフローラ
6418,フォーラウェイ
6419,レオクイック
6420,マルカブリスク
6421,エックスマス
6422,メイショウミツボシ
6423,アリエスムーン
6424,カゼノシッポ
6425,スズカファイン
6426,バトルハルトマン
6427,セダブリランテス
6428,ドンリッチ
6429,スティーマーレーン
6430,バスカヴィル
6431,マイネルベレーロ
6432,ヤマニンルサリー
6433,マッシュクール
6434,ユノディエール
6435,フィアーノロマーノ
6436,オイカケマショウ
6437,カレンコマンドール
6438,ローゼンタール
6439,スワーヴラーシド
6440,ベリースコール
6441,コリーナ
6442,ハイレベルバイオ
6443,コパノチャンス
6444,ローズクランス
6445,ロードプレミアム
6446,ブライアンジョー
6447,ディアエナ
6448,プレシャスロード
6449,コーディネーター
6450,コマユ
6451,アディラート
6452,サンマルライバル
6453,メイショウミズカゼ
6454,メイクグローリー
6455,サルタート
6456,クティノス
6457,テンザワールド
6458,タマモサザンクロス
6459,スリーミスヨハネス
6460,タテヤマ
6461,テイエムソッキュウ
6462,マイネルツィール
6463,レヴィンインパクト
6464,スピアザゴールド
6465,アインザッツ
6466,オールドクラシック
6467,エアフォルク
6468,エネルタカオー
6469,デスティニーソング
6470,ダイメイフジ
6471,ユアスイスイ
6472,ルタンデュボヌール
6473,ミルトドリーム
6474,アサケハーツ
6475,スーパーブレイク
6476,ハタノアデール
6477,スプリングタイム
6478,ナムラアイドル
6479,ロゼッタハート
6480,ミコキララ
6481,イトハユリ
6482,デューイハミテージ
6483,パヴェダイヤモンド
6484,フィエスタオーレ
6485,ブライトガーランド
6486,フラッシュバイオ
6487,ミスドバウィ
6488,サウンドカール
6489,エアオブザドラゴン
6490,カレンヴィットリア
6491,グランドサッチャー
6492,デスマッチ
6493,ヴェネツィア
6494,サイタスリーレッド
6495,ファスナハト
6496,セイウンストリーム
6497,ハシルキセキ
6498,ビックリシタナモー
6499,オアシスクイーン
6500,ドリームアロー
6501,アードラー
6502,メイショウジーク
6503,ポッドジーニー
6504,ヤコウレッシャ
6505,サザンオールスター
6506,トップロマン
6507,ナリタゴールド
6508,ダノンキャップ
6509,エミネントレコード
6510,ラプソディーア
6511,チリーシルバー
6512,ブリラーレ
6513,ライオネルカズマ
6514,エスピリトゥオーゾ
6515,タッチングスピーチ
6516,ロバストミノル
6517,ディグニファイド
6518,ウエヲムイテアルコ
6519,ブリーズスズカ
6520,マイティーゴールド
6521,ケルティックソード
6522,ラッシュアウト
6523,スターペスマリア
6524,ハタノオヌール
6525,ロードセレリティ
6526,フライングレディ
6527,ヤマカツボーイ
6528,アローシルバー
6529,テイエムグンカン
6530,タガノジーニアス
6531,ラニカイサンデー
6532,ラニカイシチー
6533,チカリータ
6534,リーサルストライク
6535,サンライズミライ
6536,チャーミングポッケ
6537,ソリッドボート
6538,レイホーロマンス
6539,プールアンレーヴ
6540,ショウナンアーリー
6541,カノヤパリティ
6542,ルサリエ
6543,ブラックジェイド
6544,スズカホワイト
6545,フリーフリッカー
6546,デュパルクカズマ
6547,カラル
6548,スティッフェリオ
6549,ビービーブレスユー
6550,ミトノゴールド
6551,ミラアイトーン
6552,キモンクラブ
6553,ドラゴンカップ
6554,スターペスカンタ
6555,ナムラライラ
6556,スターカットダイヤ
6557,ピースマーク
6558,メイショウグジョウ
6559,タイセイエクレール
6560,アリンナ
6561,クリノピョートル
6562,ムイトオブリガード
6563,マンハッタンロック
6564,キングサムソン
6565,ジオラマ
6566,ラインフィール
6567,ラローデ
6568,フランドル
6569,タマモアタック
6570,スナークレッド
6571,アロマティカス
6572,ウォータープリアム
6573,ダンツエンペラー
6574,スノードルフィン
6575,ローズストリート
6576,オリエント
6577,ハクサンベル
6578,エイシンルカーノ
6579,アメリカンイナズマ
6580,テンモース
6581,ワンダープレジール
6582,スズカチャレンジ
6583,シゲルメジロザメ
6584,ヤマノヒマワリ
6585,クインズマラクータ
6586,ビップキャッツアイ
6587,ミリッサ
6588,チャレアーダ
6589,チカノワール
6590,フナウタ
6591,ウイングタイガー
6592,ジョウショーホマレ
6593,ブレッシングテレサ
6594,フジクイーン
6595,ワンダーピルエット
6596,オースミラナキラ
6597,タガノアンピール
6598,クリノフウジン
6599,アンデスクイーン
6600,ゼットパール
6601,タイセイプレゼンス
6602,ピアレスピンク
6603,メイショウルナ
6604,ワンダーバイファル
6605,パルトネール
6606,テイエムアニマンテ
6607,ショウサングランド
6608,ナムラムート
6609,シャインスプライト
6610,コンサートドーレ
6611,セローフォース
6612,スリーマキシマム
6613,タニノアーバンシー
6614,トライブキング
6615,サウンドスカイ
6616,レオナルド
6617,アナザープラネット
6618,バルベーラ
6619,ラビットラン
6620,エンヴァール
6621,アグネスザルーツ
6622,スマートウェールズ
6623,コウザンアプローチ
6624,ドラゴンマジック
6625,ハムレット
6626,パンサーバローズ
6627,クライベイビー
6628,メイショウカロッタ
6629,オンリーワンスター
6630,ワンダーヴァローレ
6631,ファミリーズオナー
6632,エイシンカーニバル
6633,オールポッシブル
6634,アップビート
6635,ウェーブヒーロー
6636,キングヴァラール
6637,オーサムバローズ
6638,ハルク
6639,ペプチドブラッサム
6640,サーヒューストン
6641,モザイク
6642,ゼアブラヴ
6643,ハッシュタグ
6644,モーヴサファイア
6645,ワンダープチュック
6646,タガノグルナ
6647,ウインガナドル
6648,ミヤビベスト
6649,サマーサプライズ
6650,エーティーサンダー
6651,マイネルアトゥー
6652,エスペランサルル
6653,ヴレ
6654,ナムラエルサ
6655,ダンツペンダント
6656,ステイキングダム
6657,ショウナンマッシブ
6658,シーハリケーン
6659,ダノンチャンス
6660,ハクユウロゼ
6661,アポロミッション
6662,ヤマニンベリンダ
6663,イリスファルコン
6664,ミュークレックス
6665,ショウサンルヴィア
6666,セルリアン
6667,ナムラミラクル
6668,オーバーカム
6669,ニシオボヌール
6670,ラカリフォルニー
6671,マイネルロタシオン
6672,エターナルユース
6673,シンゼンドリーム
6674,マコトガラハッド
6675,ダノンサンシャイン
6676,シロニイ
6677,イイデファイナル
6678,タガノポムル
6679,スズカフリオーソ
6680,ワタシノロザリオ
6681,エオリア
6682,ブルベアパンサー
6683,ワイドコマンダー
6684,ディーエスアクシス
6685,ウインヒューゲル
6686,エドノライト
6687,サトノクリエション
6688,アスヘノキボウ
6689,キリシマキャプテン
6690,ヴァフラーム
6691,ゴールドウィング
6692,シャインレッド
6693,サマーローズ
6694,ジャジャウマガール
6695,デージーホイデン
6696,レッドカルディア
6697,プレイヤード
6698,タマモベルガモ
6699,レレオーネ
6700,イージーゴー
6701,ウインランブル
6702,クレマンダルザス
6703,シェヴェルニー
6704,ホウオウマリリン
6705,ビービーバーレスク
6706,メイショウオクヒダ
6707,サンタアズライト
6708,アットザトップ
6709,ロードスター
6710,ワンスインアライフ
6735,55.0
6736,52.0
6737,54.0
6738,カミノライデン
6739,ロイカバード
6740,エスジープログレス
6741,57.0
6742,54.0
6743,55.0
6744,57.0
6745,54.0
6746,55.0
6747,51.0
6748,57.0
6749,55.0
6750,52.0
6751,54.0
6752,53.0
6753,クールジョジョ
6754,サトノアッシュ
6755,ダンツペンダント
6756,56.0
6757,57.0
6758,57.0
6759,57.0
6760,53.0
6761,54.0
6762,55.0
6763,54.0
6764,55.0
6765,55.0
6766,52.0
6767,トーセンビクトリー
6768,54.0
6769,カミノライデン
6770,ロイカバード
6771,エスジープログレス
6772,57.0
6773,54.0
6774,ナリタスターワン
6775,55.0
6776,57.0
6777,54.0
6778,55.0
6779,51.0
6780,57.0
6781,55.0
6782,52.0
6783,54.0
6784,53.0
6785,クールジョジョ
6786,サトノアッシュ
6787,ダンツペンダント
6788,56.0
6789,57.0
6790,57.0
6791,57.0
6792,53.0
6793,54.0
6794,55.0
6795,54.0
6796,サンヘレナ
6797,プティットクルール
6798,1
6799,サングレーザー
6800,テキスタイルアート
6801,ディオスコリダー
6802,アイヅナヨタケ
6803,アオイプリンス
6804,エポックメーカー
6805,コットンパール
6806,スターフラッシュ
6807,タイセイストーム
6808,ダッシングブルー
6809,テンノサクラコ
6810,マイネルルミノーソ
6811,リードザフィールド
6812,サウンドアプローズ
6813,サトノケンシロウ
6814,オールインワン
6815,オースミマルス
6816,グランドボヌール
6817,シゲルボブキャット
6818,ゼンノブレーメン
6819,ペリステライト
6820,…
6821,ショートストーリー
6822,テイエムジョウネツ
6823,メイショウエイコウ
6824,エピカリス
6825,サルサディオーネ
6826,スターストラック
6827,タガノディグオ
6828,ブライトンロック
6829,ローズプリンスダム
6830,カラカ
6831,カラダロマン
6832,コントローラー
6833,コンピレーション
6834,ネコビッチ
6835,バナナボート
6836,メイショウルミナス
6837,ロックンルージュ
6838,ダンサクドゥーロ
6839,ヒラボクテイオー
6840,ホーリーブレイズ
6841,メイプルブラザー
6842,フェイマスエンド
6843,イロハ
6844,ダッシャークワトロ
6845,ダノンメモリー
6846,ハッピーマテリアル
6847,ペスカネラ
6848,ペプチドリリー
6849,ヤマカツセレーヌ
6850,49.0
6851,48.0
6854,アースオブフェイム
6855,エニグマ
6856,タイガーヴォーグ
6857,ファインダッシュ
6858,ベストエビデンス
6859,スーパーマックス
6860,リトルカントリー
6861,クルークハイト
6862,コンプリートベスト
6863,サンマルメジャール
6864,ショウナンナナイロ
6865,セータコローナ
6866,ネフェルティティ
6867,フィアマロッサ
6868,ラックアサイン
6869,ティーラウレア
6870,ハヤブサプリプリ
6871,メイショウバッハ
6872,テリトーリアル
6873,ムスコローソ
6874,トッカータ
6875,テンクウ
6876,グランデウィーク
6877,オーデットエール
6878,プレトリア
6879,マイネルサイルーン
6880,フロンティア
6881,フィルハーモニー
6882,エングローサー
6883,ラインギャラント
6884,キボウノダイチ
6885,シンデレラメイク
6886,ダンツセイケイ
6887,コーディエライト
