アイアイエンデバー,1
アイアンテール,2
アイスコールド,3
アイスフォーリス,4
アイソレーション,5
アイティクイーン,6
アイノカケハシ,7
アイファープリティ,8
アイムユアドリーム,9
アイライン,10
アイラブリリ,11
アイリーグレイ,12
アウェイク,13
アウォーディー,14
アウトオブシャドウ,15
アウトクラトール,16
アオイサンシャイン,17
アオイソラ,18
アオイプリンセス,19
アカネイロ,20
アカノジュウハチ,21
アカンサス,22
アキトクレッセント,23
アキトフォルテ,24
アキノアッパー,25
アキノバレリーナ,26
アクアライン,27
アクションスター,28
アクションバイオ,29
アクティブミノル,30
アグスタ,31
アグネスアンカー,32
アグネスウイッシュ,33
アグネスチャンス,34
アグネスティンクル,35
アグネスドリーム,36
アグネスフェアリー,37
アグネスワルツ,38
アグネッタ,39
アグレアーブル,40
アサクサウタヒメ,41
アサクサゴールド,42
アサクサスターズ,43
アサクサベルーガ,44
アサクサポイント,45
アサクサレーサー,46
アサマ,47
アシュワガンダ,48
アシュヴィン,49
アジアエクスプレス,50
アジアンテースト,51
アジュールローズ,52
アスカクイン,53
アスカクリチャン,54
アスカノロマン,55
アスカビレン,56
アスキットキング,57
アスコットシチー,58
アスコットチャンプ,59
アスコルティ,60
アスタリスク,61
アステールネオ,62
アストラエンブレム,63
アスペンサミット,64
アスペンツリー,65
アズマシャトル,66
アダムスピーク,67
アチーヴ,68
アッシュゴールド,69
アットウィル,70
アットザシーサイド,71
アップトゥデイト,72
アップルジャック,73
アップルハウス,74
アッラサルーテ,75
アテンファースト,76
アテーナーズブレス,77
アデイインザライフ,78
アトム,79
アトランタ,80
アドマイヤイチバン,81
アドマイヤイナズマ,82
アドマイヤイバマ,83
アドマイヤエイカン,84
アドマイヤオウジャ,85
アドマイヤカーリン,86
アドマイヤガスト,87
アドマイヤケルソ,88
アドマイヤコリン,89
アドマイヤゴッド,90
アドマイヤサガス,91
アドマイヤシェル,92
アドマイヤシャドウ,93
アドマイヤジャコモ,94
アドマイヤスパーズ,95
アドマイヤダイオウ,96
アドマイヤダリヤ,97
アドマイヤデウス,98
アドマイヤトライ,99
アドマイヤドバイ,100
アドマイヤバラード,101
アドマイヤパーシア,102
アドマイヤビジン,103
アドマイヤピンク,104
アドマイヤフライト,105
アドマイヤブルー,106
アドマイヤモラール,107
アドマイヤランディ,108
アドマイヤロイヤル,109
アドミラルシップ,110
アドラビリティ,111
アドヴェントス,112
アナザーバージョン,113
アナバティック,114
アナンジュパス,115
アバオアクー,116
アビエイター,117
アビスコ,118
アビリティラヴ,119
アピア,120
アピシウス,121
アピールバイオ,122
アフェクシオン,123
アフォード,124
アフリカンハンター,125
アフリカンブルー,126
アブソリュカフェ,127
アブマーシュ,128
アペルトゥーラ,129
アポロオオジャ,130
アポロオラクル,131
アポロケンタッキー,132
アポロジョージア,133
アポロスターズ,134
アポロドーロス,135
アポロナイスジャブ,136
アポロノシンザン,137
アポロパレス,138
アポロマーベリック,139
アポロムーン,140
アポロレジーナ,141
アミカブルナンバー,142
アムールスキー,143
アムールポエジー,144
アメリ,145
アメリカンウィナー,146
アメリカンストーム,147
アメリカンダイナー,148
アメージングタクト,149
アユサン,150
アラタマシャトル,151
アラバスター,152
アラフネ,153
アラマサクロフネ,154
アランルース,155
アルカサル,156
アルキメデス,157
アルジャンテ,158
アルスマルカート,159
アルセナーレ,160
アルセーヌシチー,161
アルタイル,162
アルター,163
アルテ,164
アルティスト,165
アルティマブラッド,166
アルディエス,167
アルディバイン,168
アルデグロリア,169
アルノルフィーニ,170
アルバタックス,171
アルバート,172
アルバートドック,173
アルビアーノ,174
アルファアリエス,175
アルファメール,176
アルフレード,177
アルベルティ,178
アルボナンザ,179
アルマエルナト,180
アルマクレヨン,181
アルマディヴァン,182
アルマライズ,183
アルマワイオリ,184
アルムダプタ,185
アルーアキャロル,186
アロヒラニ,187
アロマカフェ,188
アロマティコ,189
アンアヴェンジド,190
アングライフェン,191
アンコイルド,192
アンジェリック,193
アンジェリー,194
アンジュデュバン,195
アンスポークン,196
アンズチャン,197
アンタラジー,198
アントニオピサ,199
アンドリエッテ,200
アンナトルテ,201
アンナミルト,202
アンバサドゥール,203
アンバルブライベン,204
アンビシャス,205
アンブリカル,206
アンブリッジ,207
アンブリッジローズ,208
アンプラグド,209
アンリキャトル,210
アンリヴィールド,211
アンルーリー,212
アンレール,213
アンヴァリッド,214
アンヴァルト,215
アンヴェイルド,216
アヴェーヌモン,217
アヴニールマルシェ,218
アーカイブ,219
アークアーセナル,220
アースガルド,221
アースコネクター,222
アースコレクション,223
アースザスリー,224
アースステップ,225
アースゼウス,226
アースソニック,227
アースプレイ,228
アースライズ,229
アーチキング,230
アーデント,231
アートフェスタ,232
アーバンキッド,233
アーバンスター,234
アービバラスボーイ,235
アーマークラッド,236
アーリーデイズ,237
アールデュラン,238
アールブリュット,239
アールプロセス,240
イアペトス,241
イイデフューチャー,242
イエスイットイズ,243
イオラニ,244
イキオイ,245
イキートス,246
イクラトロ,247
イグゼキュティヴ,248
イケドラゴン,249
イサベル,250
イスラボニータ,251
イスルギ,252
イタリアンネオ,253
イタリアンフェッテ,254
イダクァイマ,255
イダス,256
イチエイクリッパー,257
イッシンドウタイ,258
イッツガナハプン,259
イッテツ,260
イデアオブクィーン,261
イマジンザット,262
イマスグキスミー,263
イメージガール,264
イモータル,265
イラプト,266
イリュミナンス,267
イレプレイスブル,268
イワヌガハナ,269
インカンテーション,270
インキュベーター,271
インザバブル,272
インスタイル,273
インステイト,274
インストアイベント,275
インストレーション,276
インスペード,277
インダクティ,278
インディーズゲーム,279
イントレピッド,280
イントロダクション,281
インナーアージ,282
インパラトール,283
インパルスヒーロー,284
インプレザリオ,285
インプレスウィナー,286
インプロスペクト,287
インプロヴァイズ,288
インペリアルブルー,289
インペリアルマーチ,290
イーグルアモン,291
イーグルカザン,292
イーグルフェザー,293
イースターパレード,294
イーデンホール,295
ウィケットキーパー,296
ウィズエモーション,297
ウィッシュハピネス,298
ウィンドライジズ,299
ウインアキレア,300
ウインアルザス,301
ウインイルソーレ,302
ウインインスパイア,303
ウインオベロン,304
ウインオリアート,305
ウインオリファン,306
ウインガニオン,307
ウインクルサルーテ,308
ウインクロニクル,309
ウイングチップ,310
ウイングドウィール,311
ウインシトリン,312
ウインシンフォニア,313
ウインスプラッシュ,314
ウインスペクトル,315
ウインスラッガー,316
ウインセイヴィア,317
ウインティアラ,318
ウインデスティニー,319
ウインネオルーラー,320
ウインバニラスカイ,321
ウインバリアシオン,322
ウインバローラス,323
ウインファビラス,324
ウインフェニックス,325
ウインフルブルーム,326
ウインブルーローズ,327
ウインプリメーラ,328
ウインプロスパー,329
ウインベルカント,330
ウインマハロ,331
ウインマーレライ,332
ウインミラグロス,333
ウインミーティア,334
ウインユニファイド,335
ウインリバティ,336
ウインレナータ,337
ウインヴォイジャー,338
ウインヴォラーレ,339
ウェイトアンドシー,340
ウェスタールンド,341
ウエスタンエスプリ,342
ウエスタンオウジ,343
ウエスタンゼウス,344
ウエスタンニンジャ,345
ウエスタンパレス,346
ウエスタンムサシ,347
ウエスタンメルシー,348
ウエスタンユーノー,349
ウエスタンレオーネ,350
ウエスタンレベッカ,351
ウォリアーズソウル,352
ウォンテッド,353
ウォーシップマーチ,354
ウォースピリッツ,355
ウォーターシャウト,356
ウォータールルド,357
ウキヨノカゼ,358
ウサギノカケアシ,359
ウッドシップ,360
ウマンマミーア,361
ウムブルフ,362
ウメジマダイオー,363
ウリウリ,364
ウンプテンプ,365
エアアンセム,366
エアウルフ,367
エアカミュゼ,368
エアカーネリアン,369
エアジェルブロワ,370
エアスピネル,371
エアソミュール,372
エアハリファ,373
エアピザレー,374
エアポートメサ,375
エアラギオール,376
エアラフォン,377
エアルプロン,378
エイコーンパス,379
エイシンアロンジー,380
エイシンエルヴィン,381
エイシンオルドス,382
エイシンキサナドゥ,383
エイシンゴージャス,384
エイシンスパルタン,385
エイシンスペーシア,386
エイシンソルティー,387
エイシンバッケン,388
エイシンバランサー,389
エイシンパラダイス,390
エイシンヒカリ,391
エイシンブルズアイ,392
エイシンライダー,393
エイシンラナウェー,394
エイシンヴァラー,395
エイダイポイント,396
エイブルボス,397
エイムハイ,398
エイユービリオネア,399
エキストラエンド,400
エキナシア,401
エキマエ,402
エクスクライム,403
エクスシア,404
エクストラゴールド,405
エクストラファイン,406
エクストレミティー,407
エクスペディション,408
エクスペリエンス,409
エクセラントカーヴ,410
エクセリオン,411
エクセルシオール,412
エクセレントビュー,413
エクセレントピーク,414
エクラミレネール,415
エグランティエ,416
エグランティーナ,417
エジル,418
エスオンマイチェス,419
エスカーダ,420
エスケープマジック,421
エスティタート,422
エステーラブ,423
エストゥペンド,424
エスペリア,425
エスメラルディーナ,426
エスユーハリケーン,427
エタンダール,428
エターナルスター,429
エターナルヒーロー,430
エターナルムーン,431
エックスマーク,432
エッフェル,433
エテルナミノル,434
エディクト,435
エディン,436
エデンロック,437
エトルアンフルール,438
エドノプリンセス,439
エニグマバリエート,440
エネアド,441
エネスク,442
エバーキュート,443
エバーグリーン,444
エバーシャルマン,445
エバーダンシング,446
エバーブロッサム,447
エパティック,448
エビスグレイト,449
エピックマジック,450
エピファネイア,451
エフティスパークル,452
エフティマルス,453
エベレストオー,454
エポワス,455
エマノン,456
エミネスク,457
エミノマユアク,458
エムエムアリオーン,459
エムオーキャプテン,460
エムオーハンター,461
エムザックサンダー,462
エメラルエナジー,463
エメラルスピード,464
エリアコンプリート,465
エリシェヴァ,466
エリモフェザー,467
エリーティアラ,468
エルカミーノレアル,469
エルゴレア,470
エルズミーア,471
エルデュクラージュ,472
エルビッシュ,473
エルフショット,474
エルヘイロー,475
エルマンボ,476
エルヴィスバローズ,477
エレガンテココ,478
エンキンドル,479
エンクエントロス,480
エンジェルビーツ,481
エンジェルフェイス,482
エンジニア,483
エンジョイタイム,484
エンドレストライ,485
エンドレスノット,486
エンプレスラブ,487
エヴァンジル,488
エーシングリズリー,489
エーシングングン,490
エーシンゴールド,491
エーシンザヘッド,492
エーシンスピーダー,493
エーシントップ,494
エーシンビートロン,495
エーシンマックス,496
エーシンレンジャー,497
エーペックス,498
エールブリーズ,499
オアフライダー,500
オウケンビリーヴ,501
オウケンブラック,502
オオタニジムチョウ,503
オケアノス,504
オコレマルーナ,505
オジュウチョウサン,506
オソレイユ,507
オツウ,508
オデュッセウス,509
オトコギイッポン,510
オトメチャン,511
オニノシタブル,512
オパールパワー,513
オビーディエント,514
オブリゲーション,515
オベリスク,516
オベーション,517
オペラダンシング,518
オペラハット,519
オマワリサン,520
オメガキングティー,521
オメガゴールドレイ,522
オメガスカイツリー,523
オメガスパーキング,524
オメガセニョリーナ,525
オメガハイヌーン,526
オメガハートロック,527
オメガブレイン,528
オメガベントレー,529
オメガホームラン,530
オメガラヴィータ,531
オメガヴェンデッタ,532
オリアーナ,533
オリオンザジャパン,534
オリオンザスター,535
オリオンザプラズマ,536
オリオンザムーン,537
オリジナルスマイル,538
オリハルコン,539
オリバーバローズ,540
オルフィーク,541
オルレアンローズ,542
オレオールカフェ,543
オレニホレルナヨ,544
オンザロックス,545
オンタケハート,546
オーガンディー,547
オーキッドレイ,548
オーゴンチャチャ,549
オーゴンボルト,550
オーゴンマリア,551
オーサムレジェンド,552
オーシャンビュー,553
オーシャンブルー,554
オーシュペール,555
オージーアイドル,556
オースミイージー,557
オースミナイン,558
オースミムーン,559
オーダードリブン,560
オートクレール,561
オーネットサクセス,562
オーバーウェルム,563
オーバースペック,564
オーバーチュア,565
オーブルチェフ,566
オープンザウェイ,567
オーマイガイ,568
オーマイホース,569
オーミアリス,570
オールアズワン,571
オールドパサデナ,572
オールブラックス,573
オールマンリバー,574
オーロラッシュ,575
カイザーバル,576
カイマノア,577
カウウェラ,578
カウニスクッカ,579
カウンターハッセキ,580
カオスモス,581
カオール,582
カカドゥ,583
カカリア,584
カクシアジ,585
カグニザント,586
カケダシ,587
カシノインカローズ,588
カシノキングダム,589
カシノサクセス,590
カシノシュウセイ,591
カシノスティーヴ,592
カシノトラダマシイ,593
カシノピカチュウ,594
カシノレント,595
カシノワルツ,596
カシュカシュ,597
カジキ,598
カジノクイーン,599
カジノブギ,600
カスクストレングス,601
カスティエル,602
カゼニモマケズ,603
カゼノグッドボーイ,604
カゼノコ,605
カゼノサファイア,606
カゼルタ,607
カチューシャ,608
カツノセカンド,609
カディーシャ,610
カトルラポール,611
カナロア,612
カネコメオスター,613
カネトシイナーシャ,614
カネトシディオス,615
カネトシマーシャル,616
カネノイロ,617
カネータ,618
カノン,619
カノーロ,620
カハラビスティー,621
カバーストーリー,622
カピオラニパレス,623
カフェシュプリーム,624
カフェブリリアント,625
カフェラビリンス,626
カフェリュウジン,627
カフジスター,628
カフジテイク,629
カフジプリンス,630
カフヴァール,631
カマクラ,632
カミノライデン,633
カムイ,634
カムイミンタラ,635
カムフィー,636
カメット,637
カラクプア,638
カラダエーピー,639
カラダレジェンド,640
カラパナビーチ,641
カリスマサンスカイ,642
カルシャン,643
カルドブレッサ,644
カルナヴァレスコ,645
カルムパシオン,646
カルヴァリオ,647
カレイファンタジア,648
カレングラスジョー,649
カレンケカリーナ,650
カレンブラックヒル,651
カレンマタドール,652
カレンミロティック,653
カレンリスベット,654
カロッサル,655
カワキタシャウト,656
カワキタピリカ,657
カンタベリーナイト,658
カンタベリーヒメ,659
カンデラ,660
カントリースノー,661
カーティスバローズ,662
カーバ,663
カービングパス,664
カープストリーマー,665
カーマイン,666
カーラノーチェ,667
ガイヤースヴェルト,668
ガクニホシ,669
ガスター,670
ガチバトル,671
ガッサンプレイ,672
ガムラン,673
ガヤルド,674
ガリバルディ,675
ガルボ,676
ガンジス,677
ガンジー,678
ガンマーフォンテン,679
ガーネットチャーム,680
キクノストーム,681
キクノソル,682
キクノフレヴァン,683
キクノレジーナ,684
キザシ,685
キズナエンドレス,686
キタサンイナズマ,687
キタサンウンリュー,688
キタサンガンバ,689
キタサンサジン,690
キタサンブラック,691
キタサンミカヅキ,692
キタサンラブコール,693
キチロクステージ,694
キッズアプローズ,695
キッズニゴウハン,696
キナウ,697
キネオイーグル,698
キネオダンサー,699
キネオピューマ,700
キネオフォルツァ,701
キネオペガサス,702
キネオワールド,703
キミノナハセンター,704
キャストロメファ,705
キャットコイン,706
キャトルフィーユ,707
キャニオンバレー,708
キャピシーヌ,709
キャプテンシップ,710
キャプテンペリー,711
キャンディキー,712
キャンバス,713
キャンベルジュニア,714
キュリオスティー,715
キョウエイアシュラ,716
キョウエイギア,717
キョウエイストーム,718
キョウエイハピネス,719
キョウエイバサラ,720
キョウエイマグマ,721
キョウエイラーケン,722
キョウワダッフィー,723
キョウワマグナム,724
キョウワリベラル,725
キラウエア,726
キラージョー,727
キリシマオジョウ,728
キリシマツバサ,729
キングイマデショウ,730
キングオブアームズ,731
キングオブフェイス,732
キングオブロー,733
キングカラカウア,734
キングクリチャン,735
キングストーン,736
キングズオブザサン,737
キングズガード,738
キングズミッション,739
キングズラッシュ,740
キングデュナミス,741
キングナポレオン,742
キングノヨアケ,743
キングハート,744
キングヒーロー,745
キングライオン,746
キングラナキラ,747
キングレオポルド,748
キングロンシャープ,749
キンシザイル,750
キンシノキセキ,751
キンショーユウジャ,752
キークラッカー,753
キータイプ,754
キーパップ,755
キービスケット,756
キーブランド,757
キープインタッチ,758
キープレイヤー,759
キールコネクション,760
キーンソード,761
ギモーヴ,762
ギャザーロージズ,763
ギンガ,764
ギンガメテオール,765
ギンゴー,766
ギンザヴィクトリア,767
クィーンズベスト,768
クイックモーション,769
クインズクオーツ,770
クインズサターン,771
クインズサン,772
クインズセブン,773
クインズチャイルド,774
クインズハリジャン,775
クインズミラーグロ,776
クインズラピス,777
クイントゥープル,778
クイーンアルタミラ,779
クイーンオリーブ,780
クイーンズターフ,781
クイーンズリング,782
クイーンマグノリア,783
クッカーニャ,784
クナウ,785
クライスマイル,786
クライムメジャー,787
クラウドチェンバー,788
クラウンカイザー,789
クラウンシャイン,790
クラウンジューン,791
クラウンジーニアス,792
クラウンスカイ,793
クラウンテイラー,794
クラウンディバイダ,795
クラウンノキミ,796
クラウンレガーロ,797
クラウンロゼ,798
クラシカルノヴァ,799
クラシコ,800
クラシックエース,801
クラシックシャトル,802
クラシックマーク,803
クラシックメタル,804
クラブトゥギャザー,805
クラリティシチー,806
クラリティスカイ,807
クラリティーアイズ,808
クラレント,809
クランモンタナ,810
クラージュシチー,811
クラージュドール,812
クラーロデルナ,813
クリアーパッション,814
クリスマス,815
クリスワールド,816
クリソライト,817
クリッパールート,818
クリノアマダブラム,819
クリノイザナミ,820
クリノエリザベス,821
クリノカンパニー,822
クリノコマチ,823
クリノサンスーシ,824
クリノスイートピー,825
クリノスターオー,826
クリノタカラチャン,827
クリノダイコクテン,828
クリノダイシャリン,829
クリノダイスーシー,830
クリノチョモランマ,831
クリノチョモラーリ,832
クリノツーイーソー,833
クリノテンペスタ,834
クリノハッチャン,835
クリノヒマラヤオー,836
クリノヤクマン,837
クリノロッキー,838
クリプトスコード,839
クリムゾンバローズ,840
クリームソーダ,841
クリールカイザー,842
クリールパッション,843
クリーンエコロジー,844
クリーンオトコギ,845
クルーガー,846
クレアドール,847
クレアーリヒ,848
クレバーアポロ,849
クロイゼリンチャン,850
クロコスミア,851
クロスカップリング,852
クロスクリーガー,853
クロスボウ,854
クロタカ,855
クロフネサプライズ,856
クロフネビームス,857
クロムレック,858
クローチェ,859
クワイアーソウル,860
クワッドアクセル,861
クワトロガッツ,862
クワドループル,863
クーゲル,864
クードラパン,865
クールアンジュ,866
クールエイジア,867
クールホタルビ,868
クールヴェント,869
グァンチャーレ,870
グッドマイスター,871
グラスエトワール,872
グラスルノン,873
グラッツィア,874
グランアルマダ,875
グランシルク,876
グランセブルス,877
グランデアモーレ,878
グランデアリュール,879
グランデスバル,880
グランデッツァ,881
グランドサッシュ,882
グランドシチー,883
グランフィデリオ,884
グランプリナイト,885
グランプリブラッド,886
グランプリブルー,887
グランプリボス,888
グランマルシェ,889
グランリゲル,890
グリサージュ,891
グリシーヌシチー,892
グリュイエール,893
グリューネヴォッヘ,894
グリューヴァイン,895
グレイスフラワー,896
グレイスフルデイズ,897
グレイスフルリープ,898
グレイトチャーター,899
グレイレジェンド,900
グレナディアーズ,901
グレンツェント,902
グレーターロンドン,903
グレートチャールズ,904
グレートマーシャル,905
グレートヴァリュー,906
グレープブランデー,907
グロリアスデイズ,908
グロリアスノア,909
グローリールピナス,910
ケイアイアストン,911
ケイアイエレガント,912
ケイアイチョウサン,913
ケイアイドウソジン,914
ケイアイホクトセイ,915
ケイジータイタン,916
ケイツートール,917
ケイティバローズ,918
ケイティブレイブ,919
ケイティープライド,920
ケッキセヨ,921
ケツァルコアトル,922
ケツァルテナンゴ,923
ケビンドゥ,924
ケルフロイデ,925
ケルヴィンサイド,926
ケンエンブレム,927
ケンコンイッテキ,928
ケンタッキーミント,929
ケントオー,930
ケンブリッジサン,931
ケンブリッジゼウス,932
ケンブリッジヒカリ,933
ケンブリッジベスト,934
ケンベストカフェ,935
ケンホファヴァルト,936
ケージーヨシツネ,937
ゲシュタルト,938
ゲッカコウ,939
ゲットクローサー,940
ゲマインシャフト,941
ゲルマンシチー,942
ゲンパチメジャー,943
コアレスキング,944
コアレスドラード,945
コウエイエンブレム,946
コウエイオトメ,947
コウエイワンマン,948
コウジョウ,949
コウセイオリーヴ,950
コウセイコタロウ,951
コウセン,952
コウソクコーナー,953
コウソクストレート,954
コウユーサムライ,955
コウユーヒーロー,956
コウヨウアレス,957
コウヨウマリア,958
コウヨウレジェンド,959
コクリュウノマイ,960
ココ,961
ココスタイル,962
ココロノアイ,963
ココロノママニ,964
コスタアレグレ,965
コスモアクセス,966
コスモアリエス,967
コスモアンダルシア,968
コスモイノセント,969
コスモイーチタイム,970
コスモエルデスト,971
コスモオオゾラ,972
コスモオリオン,973
コスモカウピリ,974
コスモカナディアン,975
コスモカンタービレ,976
コスモキングダム,977
コスモキーマン,978
コスモグレースフル,979
コスモコレクション,980
コスモシャンハイ,981
コスモスターター,982
コスモセキトバ,983
コスモセンサー,984
コスモソウタ,985
コスモソユーズ,986
コスモソーク,987
コスモソーンパーク,988
コスモチョコレイ,989
コスモトゥルーラヴ,990
コスモドーム,991
コスモナイスガイ,992
コスモナインボール,993
コスモハヤブサ,994
コスモバタフライ,995
コスモバルバラ,996
コスモパルダ,997
コスモピクシス,998
コスモファントム,999
コスモプロテア,1000
コスモボアソルテ,1001
コスモマイギフト,1002
コスモマイルール,1003
コスモマートレット,1004
コスモミレネール,1005
コスモメリー,1006
コスモユウチャン,1007
コスモユッカ,1008
コスモヨハネ,1009
コスモラパン,1010
コスモラピュタ,1011
コスモラヴモア,1012
コスモリトライ,1013
コスモレティクルム,1014
コスモロビン,1015
コティニャック,1016
コディーノ,1017
コパノウィリアム,1018
コパノチャーリー,1019
コパノハミルトン,1020
コパノマリーン,1021
コパノリチャード,1022
コパノリッキー,1023
コピーライター,1024
コマノドリーム,1025
コメート,1026
コリンブレッセ,1027
コリーヌ,1028
コルコバード,1029
コレクターアイテム,1030
コロマンデル,1031
コンサートレディ,1032
コンチャフラメンカ,1033
コンテッサトゥーレ,1034
コンテントメント,1035
コンドルヒデオ,1036
コンプリートゲーム,1037
コージェント,1038
コーディリア,1039
コートシャルマン,1040
コーラルタワー,1041
コーラルプリンセス,1042
コーリンギデオン,1043
コーリンハッピー,1044
コーリンベリー,1045
ゴットフリート,1046
ゴッドカリビアン,1047
ゴッドフロアー,1048
ゴーアップファイト,1049
ゴーインググレート,1050
ゴーイングパワー,1051
ゴーイングベル,1052
ゴーゴーヒュウガ,1053
ゴージャスガール,1054
ゴーハンティング,1055
ゴールウェイ,1056
ゴールスキー,1057
ゴールデンクラウン,1058
ゴールデンスピン,1059
ゴールデンナンバー,1060
ゴールデンハープ,1061
ゴールデンバローズ,1062
ゴールデンヒーロー,1063
ゴールデンムーン,1064
ゴールデンレッグ,1065
ゴールドアクター,1066
ゴールドカルラ,1067
ゴールドキセキ,1068
ゴールドシェンロン,1069
ゴールドシップ,1070
ゴールドシャンティ,1071
ゴールドスーク,1072
ゴールドテーラー,1073
ゴールドドリーム,1074
ゴールドフォレスト,1075
ゴールドベル,1076
ゴールドペガサス,1077
ゴールドミライ,1078
ゴールドメイン,1079
ゴールドリーガル,1080
サイモングレゴリー,1081
サイモンゼーレ,1082
サイモントルナーレ,1083
サイモンラムセス,1084
サイレントソニック,1085
サイレントメロディ,1086
サウスキング,1087
サウススターマン,1088
サウスセレクト,1089
サウスビクトル,1090
サウスポールツアー,1091
サウスマキシム,1092
サウンズオブアース,1093
サウンドアクシス,1094
サウンドカスケード,1095
サウンドガガ,1096
サウンドジャンゴ,1097
サウンドトゥルー,1098
サウンドバラッド,1099
サウンドバーニング,1100
サウンドメモリー,1101
サウンドリアーナ,1102
サカジロロイヤル,1103
サクセスグローリー,1104
サクセスコード,1105
サクセスフィリア,1106
サクセスフェイト,1107
サクセスムーン,1108
サクセスラディウス,1109
サクラアドニス,1110
サクラアルディート,1111
サクラアンプルール,1112
サクラインザスカイ,1113
サクラエルカミーノ,1114
サクラエンパイア,1115
サクラエール,1116
サクラゴスペル,1117
サクラシェンロン,1118
サクラシャイニー,1119
サクラダムール,1120
サクラディソール,1121
サクラパリュール,1122
サクラフローラ,1123
サクラプレジール,1124
サクラプレミア,1125
サクラベルカント,1126
サクラボールド,1127
サクラルコール,1128
サクラレグナム,1129
サクラヴィオーラ,1130
サクレディーヴァ,1131
サザナミ,1132
サザンブレイズ,1133
サザンライツ,1134
サダムコーテイ,1135
サダムパテック,1136
サダムフジコ,1137
サダムブルーハワイ,1138
サダムリスペクト,1139
サトノアッシュ,1140
サトノアポロ,1141
サトノアラジン,1142
サトノアリシア,1143
サトノアルバトロス,1144
サトノイクシード,1145
サトノオー,1146
サトノキングリー,1147
サトノギャラント,1148
サトノクラウン,1149
サトノシュレン,1150
サトノジュピター,1151
サトノジョリー,1152
サトノスティング,1153
サトノスーペリア,1154
サトノセレリティ,1155
サトノタイガー,1156
サトノダイヤモンド,1157
サトノデプロマット,1158
サトノネプチューン,1159
サトノノブレス,1160
サトノバセロン,1161
サトノバリアント,1162
サトノヒーロー,1163
サトノファンタシー,1164
サトノファンタス,1165
サトノフェアリー,1166
サトノフェラーリ,1167
サトノフラム,1168
サトノフラリッシュ,1169
サトノプライマシー,1170
サトノプリンシパル,1171
サトノプレジデント,1172
サトノメサイア,1173
サトノラーゼン,1174
サトノルパン,1175
サトノレオパード,1176
サトノロブロイ,1177
サドンストーム,1178
サナシオン,1179
サニーデイズ,1180
サニーヘイロー,1181
サノイチ,1182
サノマル,1183
サバイバルポケット,1184
サバンナロード,1185
サビーナクレスタ,1186
サフィロス,1187
サフランディライト,1188
サブライムカイザー,1189
サプルマインド,1190
サマニー,1191
サマリーズ,1192
サマーティアラ,1193
サマーラヴ,1194
サムソンズプライド,1195
サムライノモン,1196
サリレモンド,1197
サルバドールハクイ,1198
サワキック,1199
サワノパンサー,1200
サンアルパイン,1201
サンクタリリアス,1202
サンクボヌール,1203
サンクロワ,1204
サングラス,1205
サングレアル,1206
サンシカゴ,1207
サンシャイン,1208
サンシャインベビー,1209
サンセットトウホク,1210
サンセルマン,1211
サンソヴール,1212
サンタエヴィータ,1213
サンタクローチェ,1214
サンタナブルー,1215
サンタレジーナ,1216
サンディエゴシチー,1217
サンバジーリオ,1218
サンバビーン,1219
サンビスタ,1220
サンブルエミューズ,1221
サンペドロ,1222
サンマディソン,1223
サンマルアリュール,1224
サンマルスピリット,1225
サンマルティン,1226
サンマルデューク,1227
サンマルホウセキ,1228
サンマルボス,1229
サンライズウェイ,1230
サンライズカラー,1231
サンライズスマート,1232
サンライズネオ,1233
サンライズネガノ,1234
サンライズブレット,1235
サンライズホーム,1236
サンライズポパイ,1237
サンライズメジャー,1238
サンリットレイク,1239
サンレイデューク,1240
サンレイレーザー,1241
サンレーン,1242
サヴァティアーノ,1243
サージェントバッジ,1244
サーストンアクセス,1245
サーストンコラルド,1246
サーストンデンバー,1247
サーブルオール,1248
サーランスロット,1249
ザイディックメア,1250
ザショットアロー,1251
ザストロンシチー,1252
ザマンダ,1253
ザラストロ,1254
シアーライン,1255
シェアースマイル,1256
シェルビー,1257
シグナルプロシード,1258
シグルーン,1259
シゲルアセロラ,1260
シゲルウシュウ,1261
シゲルエチゴ,1262
シゲルオオスミ,1263
シゲルカガ,1264
シゲルカゼノボン,1265
シゲルキョクチョウ,1266
シゲルケンカヤマ,1267
シゲルサケガシラ,1268
シゲルササグリ,1269
シゲルシゲザネ,1270
シゲルシチフクジン,1271
シゲルスダチ,1272
シゲルソウサイ,1273
シゲルノコギリザメ,1274
シゲルハダカマツリ,1275
シゲルハマオリサイ,1276
シゲルヒラマサ,1277
シゲルホウオウザ,1278
シゲルミマサカ,1279
シゲルユカタマツリ,1280
シゲルリョウケンザ,1281
シセイオウジ,1282
シップウ,1283
シトロン,1284
シニョリーナ,1285
シビルウォー,1286
シベリアンスオード,1287
シベリアンスパーブ,1288
シベリアンタイガー,1289
シャイニングレイ,1290
シャイニーガール,1291
シャイニードライヴ,1292
シャイニーハーツ,1293
シャイニービーム,1294
シャイニーブラック,1295
シャイニープリンス,1296
シャイニーホーク,1297
シャインアロー,1298
シャトルアップ,1299
シャトーウインド,1300
シャトーブランシュ,1301
シャドウアプローチ,1302
シャドウウィザード,1303
シャドウエミネンス,1304
シャドウカラーズ,1305
シャドウスペル,1306
シャドウダンサー,1307
シャドウチェイサー,1308
シャドウバンガード,1309
シャドウパーティー,1310
シャドウライフ,1311
シャドウリーフ,1312
シャラク,1313
シャララ,1314
シャリオヴァルト,1315
シャルール,1316
シャンパンルージュ,1317
シャンパーニュ,1318
シャンボールフィズ,1319
シュウギン,1320
シュウジ,1321
シュガーヒル,1322
シュテルングランツ,1323
シュトラール,1324
シュナップス,1325
シュピッツェ,1326
シュミット,1327
シュンドルボン,1328
シュヴァリエ,1329
シュヴァルグラン,1330
ショウナンアズサ,1331
ショウナンアチーヴ,1332
ショウナンアデラ,1333
ショウナンアポロン,1334
ショウナンアンセム,1335
ショウナンカサロ,1336
ショウナンカミング,1337
ショウナンサスケ,1338
ショウナンダイチ,1339
ショウナンダイラ,1340
ショウナンハヤブサ,1341
ショウナンバッハ,1342
ショウナンバーキン,1343
ショウナンバーズ,1344
ショウナンパンドラ,1345
ショウナンマイティ,1346
ショウナンマオ,1347
ショウナンマハ,1348
ショウナンマルシェ,1349
ショウナンライズ,1350
ショウナンラグーン,1351
ショウナンラムジ,1352
ショウナンワダチ,1353
ショウボート,1354
ショウリノウタゲ,1355
ショコラブラン,1356
ショコラーチ,1357
ショパン,1358
ショワドゥロワ,1359
シルクアーネスト,1360
シルクウェッジ,1361
シルクドリーマー,1362
シルクフォーチュン,1363
シルクブルックリン,1364
シルバーレイショウ,1365
シルヴァーグレイス,1366
シルヴァーコード,1367
シンキングマシーン,1368
シンキングロージス,1369
シングウィズジョイ,1370
シングンカイロス,1371
シングンジョーカー,1372
シングンパワー,1373
シンゲン,1374
シンシアズブレス,1375
シンジュボシ,1376
シンゼンレンジャー,1377
シンダーズ,1378
シンデレラボーイ,1379
シンボリエンパイア,1380
シンボリジャズ,1381
シンボリタピット,1382
シンボリディスコ,1383
シンボリハミルトン,1384
シンボリボルドー,1385
シーギリヤガール,1386
シークザフューチャ,1387
シークレットアーム,1388
シークレットパス,1389
シークレットベース,1390
シークロム,1391
シーサイドジャズ,1392
シードオブハピネス,1393
シードパール,1394
シーブリーズライフ,1395
シーブリーズラブ,1396
シーリーヴェール,1397
シーロア,1398
ジェイケイホーム,1399
ジェイケイライアン,1400
ジェイド,1401
ジェットコルサ,1402
ジェネシスロック,1403
ジェネスサンキュー,1404
ジェベルムーサ,1405
ジェラシー,1406
ジェラテリアバール,1407
ジェラルド,1408
ジェンティルドンナ,1409
ジェントルジャック,1410
ジェントルマン,1411
ジャイアントリープ,1412
ジャガーバローズ,1413
ジャガーメイル,1414
ジャコカッテ,1415
ジャスタウェイ,1416
ジャスティシア,1417
ジャストサウンド,1418
ジャストドゥイング,1419
ジャストフォーユー,1420
ジャストフレンズ,1421
ジャストヴィークル,1422
ジャズコンボ,1423
ジャッカスバーク,1424
ジャポニカーラ,1425
ジャングルクルーズ,1426
ジャングルターザン,1427
ジャングルハヤテ,1428
ジャンナ,1429
ジャーエスペランサ,1430
ジャーグラット,1431
ジュエルクイーン,1432
ジュエルプラネット,1433
ジュエルメーカー,1434
ジュヒョウ,1435
ジュンゲル,1436
ジュンザワールド,1437
ジュンスパーヒカル,1438
ジュンツバサ,1439
ジュンヴァリアス,1440
ジョウノボヘミアン,1441
ジョウノムサシ,1442
ジョディーズロマン,1443
ジョバイロ,1444
ジョリーアップ,1445
ジョルジュサンク,1446
ジョンブドール,1447
ジョヴァンニ,1448
ジョーウォルター,1449
ジョーオリオン,1450
ジョージジョージ,1451
ジョーストリクトリ,1452
ジョーチャーリー,1453
ジョーメテオ,1454
ジーニアイ,1455
ジーニマジック,1456
ジープルメリア,1457
スイフトフォンテン,1458
スイングエンジン,1459
スイートガーデン,1460
スイートサルサ,1461
スイートジュエリー,1462
スウィープアウェイ,1463
スウェプトアロー,1464
スカイキューティー,1465
スカイディグニティ,1466
スカイランナー,1467
スカーレル,1468
スギノエンデバー,1469
スギノハルバード,1470
スザク,1471
スズカアーサー,1472
スズカオーショウ,1473
スズカカイゼル,1474
スズカゲイル,1475
スズカセクレターボ,1476
スズカゼ,1477
スズカデヴィアス,1478
スズカブレーン,1479
スズカプリオール,1480
スズカプリティー,1481
スズカホープ,1482
スズカマジェスタ,1483
スズカミラージュ,1484
スズカリバー,1485
スズカルパン,1486
スズカロードスター,1487
スズカヴァンガード,1488
スズカヴィグラス,1489
スズジュピター,1490
スズトラッド,1491
スズノオオタカ,1492
スズノネイロ,1493
スズノフウジン,1494
スズノライジン,1495
スズヨサムソン,1496
スズヨストラ,1497
スタッドジェルラン,1498
スタンドアウト,1499
スターオブペルシャ,1500
スターソード,1501
スターノエル,1502
スターバリオン,1503
スターファセット,1504
スターマイン,1505
スターライラック,1506
スティンライクビー,1507
スティーグリッツ,1508
スティールブルグ,1509
ステイパーシスト,1510
ステイブラビッシモ,1511
ステファノス,1512
ステラウインド,1513
ステラスターライト,1514
ステラルーチェ,1515
ステラレガーロ,1516
ステージジャンプ,1517
ストライクショット,1518
ストラスペイ,1519
ストリクス,1520
ストリートオベロン,1521
ストリートキャップ,1522
ストレイトガール,1523
ストレンジクォーク,1524
ストロベリーキング,1525
ストロングサウザー,1526
ストロングトリトン,1527
ストロングバサラ,1528
ストロングバローズ,1529
ストロングロビン,1530
ストーミング,1531
ストーミングスター,1532
ストーミーシー,1533
ストーリーセラー,1534
スナッチアキス,1535
スノーエンジェル,1536
スノードラゴン,1537
スノードン,1538
スノーモンキー,1539
スノーレパード,1540
スパーキングジョイ,1541
スパークオンアイス,1542
スパーブデイ,1543
スピナッチ,1544
スピリタス,1545
スピリッツミノル,1546
スピルバーグ,1547
スフィンクス,1548
スプラッシュエンド,1549
スプリングサヴァン,1550
スプリングシーズン,1551
スペクタキュラー,1552
スペシャルギフト,1553
スペシャルリッチ,1554
スペランツァデーア,1555
スペルオンミー,1556
スペースクルーズ,1557
スマイルオブライフ,1558
スマイルシャワー,1559
スマイルハッピー,1560
スマイルミーティア,1561
スマートアリシア,1562
スマートアヴァロン,1563
スマートエビデンス,1564
スマートオリオン,1565
スマートオーディン,1566
スマートギア,1567
スマートダイバー,1568
スマートプラネット,1569
スマートラファエル,1570
スマートリバティー,1571
スマートルビー,1572
スマートルピナス,1573
スマートレイアー,1574
スマートレパード,1575
スミデロキャニオン,1576
スミレ,1577
スミレタンポポ,1578
スモークフリー,1579
スモーダリング,1580
スラリーアイス,1581
スリラーインマニラ,1582
スリーアルテミス,1583
スリーカーニバル,1584
スリータイタン,1585
スリーデーモン,1586
スリーボストン,1587
スループオブウォー,1588
スレッジハンマー,1589
スワンボート,1590
スワーヴジョージ,1591
スワーヴリチャード,1592
スーサングレート,1593
スーサンジョイ,1594
スーパーアース,1595
スーパームーン,1596
スーリール,1597
スールキートス,1598
セイウンアワード,1599
セイウンオセアン,1600
セイウングロリアス,1601
セイウンコウセイ,1602
セイウンジャガーズ,1603
セイウンチカラ,1604
セイエイ,1605
セイカアヴァンサ,1606
セイカフォルテ,1607
セイカフォルトゥナ,1608
セイカプリコーン,1609
セイカプレスト,1610
セイクラベ,1611
セイクリッドセブン,1612
セイクリッドバレー,1613
セイクリッドロード,1614
セイクリムズン,1615
セイクレットレーヴ,1616
セイコーライコウ,1617
セイスコーピオン,1618
セイラ,1619
セイリングデイ,1620
セイルラージ,1621
セイントチャンス,1622
セイントバローズ,1623
セウアズール,1624
セカイノカナ,1625
セカンドテーブル,1626
セキショウ,1627
セクシーボーイ,1628
セセリ,1629
セツナ,1630
セトアロー,1631
セトノフラッパー,1632
セトノプロミス,1633
セトブリッジ,1634
セブンフォース,1635
セプテントリオ,1636
セラフィーナ,1637
セレスハント,1638
セレナビアンカ,1639
セレブリティモデル,1640
セレブレートサマー,1641
センセーション,1642
センチュリオン,1643
センリツ,1644
ゼアミ,1645
ゼウス,1646
ゼットスマイル,1647
ゼログラヴィティー,1648
ゼロス,1649
ゼンノコリオリ,1650
ゼンノヒストリエ,1651
ゼンノルジェロ,1652
ゼーヴィント,1653
ソアリングホーク,1654
ソムニアシチー,1655
ソラニー,1656
ソリタリーキング,1657
ソルティコメント,1658
ソルプレーサ,1659
ソルレヴァンテ,1660
ソルヴェイグ,1661
ソロダンサー,1662
ソロフライト,1663
ソロル,1664
ソワンドタイガー,1665
ソンブレロ,1666
ソードラック,1667
ソールインパクト,1668
ソールデスタン,1669
タイガーシード,1670
タイキガラハッド,1671
タイキソレイユ,1672
タイキパーシヴァル,1673
タイキプレミアム,1674
タイキマーシャ,1675
タイザンホクト,1676
タイセイアニマート,1677
タイセイアプローズ,1678
タイセイクルーズ,1679
タイセイグルーヴィ,1680
タイセイサミット,1681
タイセイスペリオル,1682
タイセイティグレス,1683
タイセイドリーム,1684
タイセイファントム,1685
タイセイブレーク,1686
タイセイプレシャス,1687
タイセイポラリス,1688
タイセイマスタング,1689
タイセイラナキラ,1690
タイセイラビッシュ,1691
タイセイララバイ,1692
タイセイラルーナ,1693
タイセイローマン,1694
タイセイワイルド,1695
タイタン,1696
タイニーダンサー,1697
タイムズアロー,1698
タイムトリップ,1699
タカベラジオ,1700
タカミツスズラン,1701
タカミル,1702
タカラジェニファ,1703
タカラジャンヌ,1704
タガノアザガル,1705
タガノエスプレッソ,1706
タガノエッヴィーバ,1707
タガノエトワール,1708
タガノエンブレム,1709
タガノカムイ,1710
タガノクレイオス,1711
タガノグランパ,1712
タガノグーフォ,1713
タガノゴールド,1714
タガノザイオン,1715
タガノトネール,1716
タガノブルグ,1717
タガノプリンス,1718
タガノミューチャン,1719
タガノルミナーレ,1720
タガノレイヨネ,1721
タガノヴェルリー,1722
タケデンタイガー,1723
タケルオウジ,1724
タケルハヤテ,1725
タケルファラオ,1726
タケルラグーン,1727
タケルラムセス,1728
タサジャラ,1729
タタラ,1730
タッチシタイ,1731
タップザット,1732
タツストロング,1733
タツパーシヴ,1734
タツミリュウ,1735
タナトス,1736
タニセンジャッキー,1737
タニノエポレット,1738
タニノタキシード,1739
タピゴン,1740
タブレットピーシー,1741
タプローム,1742
タマノブリュネット,1743
タマブラックホール,1744
タマモイヤリング,1745
タマモショパン,1746
タマモシルクハット,1747
タマモトッププレイ,1748
タマモネイヴィー,1749
タマモベストプレイ,1750
タマモボレロ,1751
タマモマズルカ,1752
タマモマーブル,1753
タマモルミエール,1754
タマラマ,1755
タムロスカイ,1756
タムロミラクル,1757
タルトオポム,1758
タンサンドール,1759
タンジブル,1760
タンスチョキン,1761
タンタアレグリア,1762
タンブルブルータス,1763
ターニングポイント,1764
ターフェル,1765
ターフデライト,1766
タールタン,1767
ダイイチターミナル,1768
ダイシンサンダー,1769
ダイシンロイ,1770
ダイチトゥルース,1771
ダイチラディウス,1772
ダイチヴュルデ,1773
ダイトウキョウ,1774
ダイメイザクラ,1775
ダイメイリシャール,1776
ダイヤノゲンセキ,1777
ダイヤモンドダンス,1778
ダイリュウキセキ,1779
ダイワアクシス,1780
ダイワインスパイア,1781
ダイワインパルス,1782
ダイワエキスパート,1783
ダイワコンシード,1784
ダイワコンプリート,1785
ダイワジャスト,1786
ダイワスキャンプ,1787
ダイワストリーム,1788
ダイワズットラブ,1789
ダイワズーム,1790
ダイワソフィー,1791
ダイワダッチェス,1792
ダイワドレッサー,1793
ダイワバロニス,1794
ダイワバーチュー,1795
ダイワファルコン,1796
ダイワフェリス,1797
ダイワフェーム,1798
ダイワフォスター,1799
ダイワブレイディ,1800
ダイワブレス,1801
ダイワベスパー,1802
ダイワマッジョーレ,1803
ダイワミランダ,1804
ダイワリアクション,1805
ダイワリベラル,1806
ダイワレジェンド,1807
ダウトレス,1808
ダッシャーゴーゴー,1809
ダッシャーワン,1810
ダッシングブレイズ,1811
ダノンアイガー,1812
ダノンアイリス,1813
ダノンアンビシャス,1814
ダノンカモン,1815
ダノンクリエーター,1816
ダノングッド,1817
ダノングラシアス,1818
ダノンゴールド,1819
ダノンシャーク,1820
ダノンシンフォニー,1821
ダノンシーザー,1822
ダノンジェラート,1823
ダノンスパシーバ,1824
ダノンスパーク,1825
ダノンハイパワー,1826
ダノンハラショー,1827
ダノンバトゥーラ,1828
ダノンビーナス,1829
ダノンフェアリー,1830
ダノンフェイス,1831
ダノンフェニックス,1832
ダノンプラチナ,1833
ダノンプログラマー,1834
ダノンマッキンレー,1835
ダノンミシガン,1836
ダノンミル,1837
ダノンメジャー,1838
ダノンヨーヨー,1839
ダノンリバティ,1840
ダノンレジェンド,1841
ダブルオーセブン,1842
ダブルコーク,1843
ダブルスター,1844
ダブルファンタジー,1845
ダローネガ,1846
ダンガンコゾウ,1847
ダンシングマオ,1848
ダンシングミッシー,1849
ダンスアミーガ,1850
ダンスディレクター,1851
ダンスールクレール,1852
ダンツカナリー,1853
ダンツキャンサー,1854
ダンツプリウス,1855
ダンツミュータント,1856
ダンツメガヒット,1857
ダンディーアロー,1858
ダンディーレイ,1859
ダンビュライト,1860
ダヴィンチバローズ,1861
ダークサイド,1862
ダークシャドウ,1863
ダークシーカー,1864
ダークファンタジー,1865
ダークマレイン,1866
ダービーフィズ,1867
チェイスザゴールド,1868
チェストケゴールド,1869
チェストケリリー,1870
チェスナットバロン,1871
チェッキーノ,1872
チェネレントラ,1873
チェリーサマー,1874
チェリーヒロイン,1875
チェリーペトルズ,1876
チェリーメドゥーサ,1877
チェルカトーレ,1878
チャオ,1879
チャプレット,1880
チャリシー,1881
チャンスメイク,1882
チャンピオンブルー,1883
チャンピオンヤマト,1884
チャンピオンルパン,1885
チャーチクワイア,1886
チャーリーブレイヴ,1887
チュウワベイビー,1888
チュラカーギー,1889
チョイワルグランパ,1890
チョウテッパン,1891
チョコレートバイン,1892
チーフアセスメント,1893
ツィンクルソード,1894
ツインキャンドル,1895
ツインクルスター,1896
ツインプラネット,1897
ツウローゼズ,1898
ツキノウサギ,1899
ツクバアスナロ,1900
ツクバアズマオー,1901
ツクバアラモード,1902
ツクバインパクト,1903
ツクバコガネオー,1904
ツクババンドーオー,1905
ツクバホシノオー,1906
ツクバローレル,1907
ツヅク,1908
ツルオカハチマン,1909
ツルミプラチナム,1910
ツーエムレジェンド,1911
ティアップゴールド,1912
ティアップリバティ,1913
ティアップレーヴ,1914
ティアップワイルド,1915
ティアーモ,1916
ティズトレメンダス,1917
ティソーナ,1918
ティックルゴールド,1919
ティップトップ,1920
ティリアンパープル,1921
ティルナノーグ,1922
ティンバレス,1923
ティーエスクライ,1924
ティーズアライズ,1925
ティーハーフ,1926
ティーポイズン,1927
テイア,1928
テイエムイナズマ,1929
テイエムオオタカ,1930
テイエムコウノトリ,1931
テイエムコンドル,1932
テイエムタイホー,1933
テイクウォーニング,1934
テイクエイム,1935
テイクファイア,1936
テイケイレーヴ,1937
テオドリーコ,1938
テスタマッタ,1939
テスタメント,1940
テスティコ,1941
テセラレフィナード,1942
テッシン,1943
テツナゴオ,1944
テナシティー,1945
テムジン,1946
テラノコブラ,1947
テルミーホワイ,1948
テルメディカラカラ,1949
テンカイチ,1950
テンゲントッパ,1951
テンシンランマン,1952
テンジンキヨモリ,1953
テンダリーヴォイス,1954
テンテマリ,1955
テンペル,1956
テンミライ,1957
テーオーストーム,1958
テーオーソルジャー,1959
テーオートマホーク,1960
テーオービックバン,1961
テーオーヘリオス,1962
ディアイッセイ,1963
ディアイレイザー,1964
ディアグリスター,1965
ディアコンチェルト,1966
ディアゴッホ,1967
ディアセルヴィス,1968
ディアデラマドレ,1969
ディアデルレイ,1970
ディアドナテロ,1971
ディアドムス,1972
ディアビリーヴ,1973
ディアポジション,1974
ディアマイダーリン,1975
ディアマイベイビー,1976
ディオジェーヌ,1977
ディサイファ,1978
ディスキーダンス,1979
ディスティンダリア,1980
ディナール,1981
ディバインコード,1982
ディプロムソング,1983
ディリジェンテ,1984
ディルガ,1985
ディーエスタイド,1986
ディーエスライダー,1987
ディーズプラネット,1988
ディーセントワーク,1989
ディープサウンド,1990
ディープジュエリー,1991
ディープストーリー,1992
ディープルマン,1993
ディーマジェスティ,1994
デウスウルト,1995
デグニティクローズ,1996
デコイ,1997
デコルテ,1998
デサフィナード,1999
デザートオアシス,2000
デザートオブムーン,2001
デスペラード,2002
デナリ,2003
デニムアンドルビー,2004
デビルズハーツ,2005
デピュティプライム,2006
デブリン,2007
デプロマトウショウ,2008
デュアルスウォード,2009
デュナトス,2010
デュリュクス,2011
デリケートアーチ,2012
デリッツァリモーネ,2013
デルカイザー,2014
デルフィーノ,2015
デルマアラレチャン,2016
デルマイザナミ,2017
デルマオソマツ,2018
デルマカマイタチ,2019
デルマキャッツアイ,2020
デルマコウモン,2021
デルマサリーチャン,2022
デルマダイコク,2023
デルマヌラリヒョン,2024
デルマネコムスメ,2025
デルマハンニャ,2026
デンコウアンジュ,2027
デンコウウノ,2028
デンコウヒノマル,2029
デンファレ,2030
トゥインクル,2031
トゥザサミット,2032
トゥザワールド,2033
トゥルッリ,2034
トゥールモンド,2035
トウカイアストロ,2036
トウカイエントリー,2037
トウカイオーロラ,2038
トウカイシェーン,2039
トウカイセンス,2040
トウカイビジョン,2041
トウカイフィーバー,2042
トウカイマインド,2043
トウカイメリー,2044
トウケイウイン,2045
トウケイタイガー,2046
トウケイヘイロー,2047
トウショウカウント,2048
トウショウカズン,2049
トウショウギフト,2050
トウショウクラウン,2051
トウショウスレッジ,2052
トウショウデュエル,2053
トウショウドラフタ,2054
トウショウハマー,2055
トウショウフォアゴ,2056
トウショウフリーク,2057
トウショウブーム,2058
トウショウヘイロー,2059
トウショウマナーズ,2060
トウシンイーグル,2061
トウシンモンステラ,2062
トキノエクセレント,2063
トキノゲンジ,2064
トキノシップー,2065
トキノセレブ,2066
トキノユウ,2067
トシザキミ,2068
トップアドバンス,2069
トップアート,2070
トップオブザヘヴン,2071
トップカミング,2072
トップフライアー,2073
トップライセンス,2074
トニーポケット,2075
トブガゴトク,2076
トミケンキルカス,2077
トミケンシャルゴー,2078
トミケンジェスト,2079
トミケンスラーヴァ,2080
トミケンチャダル,2081
トミケンユークアイ,2082
トモジャクール,2083
トモジャポルックス,2084
トモトモリバー,2085
トライアゲイン,2086
トラキチシャチョウ,2087
トラスト,2088
トラストルシファー,2089
トラストレイカ,2090
トラストワン,2091
トリップ,2092
トリニティチャーチ,2093
トルセドール,2094
トルークマクト,2095
トレイルブレイザー,2096
トレクァルティスタ,2097
トレジャーマップ,2098
トレノソルーテ,2099
トレボーネ,2100
トレモロアーム,2101
トロピカルガーデン,2102
トロワボヌール,2103
トワイライトライフ,2104
トーアライジン,2105
トーカティヴ,2106
トーキングドラム,2107
トーコーグリーン,2108
トーセンアルニカ,2109
トーセンアレス,2110
トーセンアーネスト,2111
トーセンカナロア,2112
トーセンシルエット,2113
トーセンジャガー,2114
トーセンジャステス,2115
トーセンスターダム,2116
トーセンスティング,2117
トーセンスパンキー,2118
トーセンセカイオー,2119
トーセンソレイユ,2120
トーセンターキー,2121
トーセンデューク,2122
トーセントレジャー,2123
トーセンナチュラル,2124
トーセンハナミズキ,2125
トーセンハルカゼ,2126
トーセンバジル,2127
トーセンビクトリー,2128
トーセンベニザクラ,2129
トーセンペンタゴン,2130
トーセンマイティ,2131
トーセンマタコイヤ,2132
トーセンミッション,2133
トーセンミラージュ,2134
トーセンラムセス,2135
トーセンラー,2136
トーセンラーク,2137
トーセンレーヴ,2138
トーセンワープ,2139
トータルヒート,2140
トーホウアイレス,2141
トーホウストロング,2142
トーホウスマート,2143
トーホウチェイサー,2144
トーホウパルサー,2145
トーホウプリンセス,2146
トーホウペガサス,2147
ドゥラメンテ,2148
ドウディ,2149
ドコフクカゼ,2150
ドナリサ,2151
ドライバーズハイ,2152
ドライヴナイト,2153
ドラゴンキングダム,2154
ドラゴンゲート,2155
ドラゴンズタイム,2156
ドラゴンビューティ,2157
ドラゴンピース,2158
ドラゴンフォルテ,2159
ドラゴンフラッシュ,2160
ドラゴンライズ,2161
ドラゴンレジェンド,2162
ドラゴンヴォイス,2163
ドリームカイザー,2164
ドリームキラリ,2165
ドリームコンサート,2166
ドリームジェダイ,2167
ドリームセーリング,2168
ドリームトレイン,2169
ドリームドルチェ,2170
ドリームバスケット,2171
ドリームバレンチノ,2172
ドリームヒーロー,2173
ドリームマークス,2174
ドリームメモリー,2175
ドリームリヴァール,2176
ドルメロ,2177
ドレッドノータス,2178
ドレッドノート,2179
ドレミファドン,2180
ドンチャブ,2181
ドンビザッツウェイ,2182
ドーヴァー,2183
ナイアガラモンロー,2184
ナイトフォックス,2185
ナイトフッド,2186
ナイトフラワー,2187
ナイフリッジ,2188
ナオミノユメ,2189
ナカヤマナイト,2190
ナガラオリオン,2191
ナガラフラワー,2192
ナスカザン,2193
ナスケンリュウジン,2194
ナスノアオバ,2195
ナスノシベリウス,2196
ナスノセイカン,2197
ナックビーナス,2198
ナムラアラシ,2199
ナムライチバンボシ,2200
ナムラショウリ,2201
ナムラシングン,2202
ナムラバイオレット,2203
ナムラヒューマン,2204
ナムラヒラリー,2205
ナムラビクター,2206
ナムラマサシゲ,2207
ナモンレジェンド,2208
ナリタシルクロード,2209
ナリタシーズン,2210
ナリタスプリング,2211
ナリタスーパーワン,2212
ナリタハリケーン,2213
ナリタポセイドン,2214
ナリタモード,2215
ナリノネーヴェ,2216
ナリノパシオン,2217
ナンゴクロマンス,2218
ナンチンノン,2219
ナンヨーアミーコ,2220
ナンヨーカノン,2221
ナンヨーケンゴー,2222
ナンヨースラッガー,2223
ナンヨーマーク,2224
ナンヨールーク,2225
ニコールバローズ,2226
ニザエモン,2227
ニシケンモノノフ,2228
ニシノアカツキ,2229
ニシノイナズマ,2230
ニシノオウガイ,2231
ニシノオタケビ,2232
ニシノカザブエ,2233
ニシノカブケ,2234
ニシノカンザシ,2235
ニシノクラッチ,2236
ニシノゲイナー,2237
ニシノゲンキマル,2238
ニシノジャブラニ,2239
ニシノジャーニー,2240
ニシノソラカラ,2241
ニシノデンジャラス,2242
ニシノビークイック,2243
ニシノプレシャス,2244
ニシノボレロ,2245
ニシノミチシルベ,2246
ニシノメイゲツ,2247
ニシノラッシュ,2248
ニシノラピート,2249
ニットウスバル,2250
ニットウビクトリー,2251
ニホンピロアワーズ,2252
ニホンピロサンダー,2253
ニュアージゲラン,2254
ニュースター,2255
ニューダイナスティ,2256
ニンジャ,2257
ニーマルキング,2258
ヌーナ,2259
ヌーヴェルダンス,2260
ヌーヴォレコルト,2261
ネイチャーレット,2262
ネイティヴコード,2263
ネオウィズダム,2264
ネオザウイナー,2265
ネオザミスティック,2266
ネオシーサー,2267
ネオスターダム,2268
ネオビッグバン,2269
ネオブラックダイヤ,2270
ネオリアリズム,2271
ネオルミエール,2272
ネオヴァロン,2273
ネオヴィクトリア,2274
ネオヴェリーブル,2275
ネオヴェルザンディ,2276
ネコタイショウ,2277
ネコダンサー,2278
ネバーリグレット,2279
ネロ,2280
ネロディアマンテ,2281
ネヴァーハーツ,2282
ノアミラクル,2283
ノウレッジ,2284
ノッキングオン,2285
ノットフォーマル,2286
ノボサイボーグ,2287
ノボバカラ,2288
ノボピュアリティ,2289
ノボリディアーナ,2290
ノボレインボー,2291
ノワールギャルソン,2292
ノンコノユメ,2293
ノーザンリバー,2294
ノースウッド,2295
ノースショアビーチ,2296
ノーステア,2297
ノースヒーロー,2298
ノースランドボーイ,2299
ノーヒッター,2300
ノーフェイト,2301
ノーブルクリスタル,2302
ノーブルサンズ,2303
ノーブルジュエリー,2304
ノーブルジュピタ,2305
ノーブルディード,2306
ノーブルマーズ,2307
ノーブルヴィーナス,2308
ノーモアゲーム,2309
ノーモアベット,2310
ハイアーレート,2311
ハイアーヴォルト,2312
ハイエストクライム,2313
ハイジャ,2314
ハイタッチ,2315
ハイパーチャージ,2316
ハギノコメント,2317
ハギノスノーボール,2318
ハギノタイクーン,2319
ハギノハイブリッド,2320
ハクサンムーン,2321
ハクサンルドルフ,2322
ハコダテナイト,2323
ハシカミ,2324
ハスラー,2325
ハッピーエム,2326
ハッピーカオル,2327
ハッピースプリント,2328
ハッピーセーラー,2329
ハッピーチャート,2330
ハッピーベリンダ,2331
ハッピームーン,2332
ハッピーモーメント,2333
ハツガツオ,2334
ハツコイ,2335
ハドソンヤード,2336
ハナイチゲ,2337
ハナズインパルス,2338
ハナズウェポン,2339
ハナズゴール,2340
ハナズプルメリア,2341
ハナズリベンジ,2342
ハナズレジェンド,2343
ハナフブキ,2344
ハナモモ,2345
ハニーバニー,2346
ハノハノ,2347
ハピネス,2348
ハピネスダンサー,2349
ハマヒルガオ,2350
ハヤブサフィーバー,2351
ハヤブサライデン,2352
ハリケーン,2353
ハリケーンリリー,2354
ハルコマチ,2355
ハルズハッピー,2356
ハレルヤボーイ,2357
ハワイアンシュガー,2358
ハングリージャック,2359
ハーキュリーズ,2360
ハーコット,2361
ハーストイーグル,2362
ハートオブスワロー,2363
ハートビートソング,2364
ハートフルデイズ,2365
ハートレー,2366
ハードロッカー,2367
バアゼルリバー,2368
バイガエシ,2369
バイタルフォルム,2370
バウンスシャッセ,2371
バクシンテイオー,2372
バコパ,2373
バシレウス,2374
バスタータイプ,2375
バッドボーイ,2376
バトルジェジェジェ,2377
バトルムーングロウ,2378
バトードール,2379
バリアーモ,2380
バリンジャー,2381
バルダメンテ,2382
バルバドスブルー,2383
バルビエール,2384
バルブランシュ,2385
バレエダンサー,2386
バロンドゥフォール,2387
バンクシー,2388
バンゴール,2389
バンスタンウォルツ,2390
バンズーム,2391
バンブーリバプール,2392
バースデイパーティ,2393
バーチャルトラック,2394
バーディバーディ,2395
バーディーイーグル,2396
バートラムガーデン,2397
バーニングハート,2398
パイナワレア,2399
パイメイメイ,2400
パイロキシン,2401
パイロキネシスト,2402
パシフィックギャル,2403
パシャドーラ,2404
パセンジャーシップ,2405
パッショネイトラン,2406
パッションダンス,2407
パッシングブリーズ,2408
パドトロワ,2409
パドルウィール,2410
パナシュドール,2411
パフォーム,2412
パブロ,2413
パラダイスガーデン,2414
パリカラノテガミ,2415
パワフルラリマー,2416
パワースポット,2417
パワースラッガー,2418
パワーポケット,2419
パーシーズベスト,2420
パーティメーカー,2421
パーティードレス,2422
パープルセイル,2423
パーリオミノル,2424
パールコード,2425
ヒアルロンサン,2426
ヒカリブランデー,2427
ヒカリマサムネ,2428
ヒカルエリントン,2429
ヒカルソラフネ,2430
ヒカルデザイアー,2431
ヒカルランナー,2432
ヒショウ,2433
ヒシワイルド,2434
ヒストリア,2435
ヒストリカル,2436
ヒットザターゲット,2437
ヒデノインペリアル,2438
ヒプノティスト,2439
ヒミノコンドル,2440
ヒメサクラ,2441
ヒメスズラン,2442
ヒュウマ,2443
ヒラボクインパクト,2444
ヒラボクディープ,2445
ヒラボクプリンス,2446
ヒラボクマジック,2447
ヒルダ,2448
ヒルノケアンズ,2449
ヒルノデイバロー,2450
ヒルノマゼラン,2451
ヒロノプリンス,2452
ヒロブレイブ,2453
ヒールゼアハーツ,2454
ビキニブロンド,2455
ビクトリーミノル,2456
ビコーピリラニ,2457
ビスカリア,2458
ビタミンエース,2459
ビッグアーサー,2460
ビッグギグ,2461
ビッグリバティ,2462
ビッシュ,2463
ビットアレグロ,2464
ビットスターダム,2465
ビップレボルシオン,2466
ビナスイート,2467
ビバラビダ,2468
ビヨンジオール,2469
ビリオネア,2470
ビリーヴザワン,2471
ビレッジソング,2472
ビンテージチャート,2473
ビーウィッチド,2474
ビートゴーズオン,2475
ビーナストリック,2476
ビービーオドラント,2477
ビービーサレンダー,2478
ビービートレイター,2479
ビービーバーレル,2480
ビービーボイジャー,2481
ビームライフル,2482
ピアシングステア,2483
ピオニエトウショウ,2484
ピオネロ,2485
ピクシーホロウ,2486
ピグマリオン,2487
ピタゴラスコンマ,2488
ピックミータッチ,2489
ピッツネイル,2490
ピットボス,2491
ピュアアイズ,2492
ピュアコンチェルト,2493
ピュアソルジャー,2494
ピュアノアール,2495
ピュアブリーゼ,2496
ピュアリーソリッド,2497
ピンウィール,2498
ピンクシャドウ,2499
ピンクブーケ,2500
ピンストライプ,2501
ピンゾロ,2502
ピンポン,2503
ピークトラム,2504
ピースピース,2505
ピースマインド,2506
ファイアクリスタル,2507
ファイアマーシャル,2508
ファイナルコール,2509
ファイナルブロー,2510
ファイブタブレット,2511
ファイヤー,2512
ファイヤーロック,2513
ファインスカイ,2514
ファインニードル,2515
ファタモルガーナ,2516
ファドーグ,2517
ファミーユ,2518
ファルスター,2519
ファンアットコート,2520
ファンシーミューズ,2521
ファンシーリシェス,2522
ファンディータ,2523
ファンデルワールス,2524
ファントムライト,2525
ファントムロード,2526
ファンファーレ,2527
ファーガソン,2528
ファーゴ,2529
ファーストエバー,2530
ファーストオーサー,2531
ファータグリーン,2532
ファーマジェンヌ,2533
フィアレス,2534
フィエルテ,2535
フィエロ,2536
フィオリア,2537
フィフスセント,2538
フィラーレ,2539
フィリグラーナ,2540
フィルハーマジック,2541
フィロパトール,2542
フィンガーポスト,2543
フィーユブルー,2544
フィールザスマート,2545
フィールザラブ,2546
フィールドシャイン,2547
フェアブレシア,2548
フェアラフィネ,2549
フェイズベロシティ,2550
フェイムゲーム,2551
フェスティヴイェル,2552
フェスティヴタロー,2553
フェデラルホール,2554
フェニーチェ,2555
フェノーメノ,2556
フェブノヘア,2557
フェリーチェレガロ,2558
フェルメッツァ,2559
フォルテリコルド,2560
フォルトファーレン,2561
フォワードカフェ,2562
フォンテーヌブロー,2563
フォーエバーモア,2564
フォースフル,2565
フォーチュンスター,2566
フォールティテール,2567
フギン,2568
フクノグリュック,2569
フクノグローリア,2570
フクノドリーム,2571
フクノドービル,2572
フジインザスカイ,2573
フジノサムライ,2574
フジノパンサー,2575
フジマサアクトレス,2576
フジマサエンペラー,2577
フジマサクラウン,2578
フジマサジャンボ,2579
フジマサスペシャル,2580
フミノファルコン,2581
フミノムーン,2582
フミノメモリー,2583
フラアンジェリコ,2584
フラガラッハ,2585
フラクシヌス,2586
フラットライナーズ,2587
フラムドグロワール,2588
フランキンセンス,2589
フランチャイズ,2590
フリスコベイ,2591
フリュクティドール,2592
フリーアズアバード,2593
フリートストリート,2594
フリームーヴメント,2595
フルアクセル,2596
フルヒロボーイ,2597
フルーキー,2598
フルールシチー,2599
フレイムコード,2600
フレイムヘイロー,2601
フレックスハート,2602
フレデフォート,2603
フレンチトースト,2604
フレンチフェロー,2605
フレンドスイート,2606
フレンドミラクル,2607
フレージャパン,2608
フロアクラフト,2609
フロムマイハート,2610
フロリダブルー,2611
フロレットアレー,2612
フロンテアクイーン,2613
フローラルダンサー,2614
フローレスダンサー,2615
フローレスマジック,2616
フーラブライド,2617
ブチコ,2618
ブライティアスター,2619
ブライティアミル,2620
ブライテン,2621
ブライトアイディア,2622
ブライトエンブレム,2623
ブライトシチー,2624
ブライトジェム,2625
ブライトチェリー,2626
ブライトバローズ,2627
ブライトボーイ,2628
ブライトポジー,2629
ブライトライン,2630
ブラインドサイド,2631
ブラウンカイ,2632
ブラゾンドゥリス,2633
ブラックジャガー,2634
ブラックジョー,2635
ブラックスピネル,2636
ブラックバゴ,2637
ブラックヘブン,2638
ブラックムーン,2639
ブラッシュアップ,2640
ブラボーランサー,2641
ブランクヴァース,2642
ブランダムール,2643
ブランダルジャン,2644
ブランドベルグ,2645
ブランネージュ,2646
ブランボヌール,2647
ブラヴィッシモ,2648
ブラーニーストーン,2649
ブリクスト,2650
ブリッジクライム,2651
ブリッツ,2652
ブリュネット,2653
ブリリアントアスク,2654
ブリリアントダンス,2655
ブリージーデイズ,2656
ブルジュオン,2657
ブルックデイル,2658
ブルドッグボス,2659
ブルミラコロ,2660
ブルローネ,2661
ブルーイングリーン,2662
ブルーオリエント,2663
ブルーストーン,2664
ブルーチッパー,2665
ブルーバレット,2666
ブルーホール,2667
ブルーボサノヴァ,2668
ブルーミーフラワー,2669
ブルームーン,2670
ブルーヴァルキリー,2671
ブレイクザポケット,2672
ブレイクチャンス,2673
ブレイクマイハート,2674
ブレイズアトレイル,2675
ブレイブスマッシュ,2676
ブレイヴリー,2677
ブレスジャーニー,2678
ブレヴェスト,2679
ブロックコード,2680
ブロッケン,2681
ブロワ,2682
ブロンズテーラー,2683
ブロードスター,2684
ブロードソード,2685
プエルト,2686
プライズコレクター,2687
プライムセラー,2688
プラチナダリア,2689
プラチナブロンド,2690
プラトンイミシャン,2691
プランスシャルマン,2692
プランスデトワール,2693
プランスペスカ,2694
プランタンビジュー,2695
プラントアゲン,2696
プラントハンター,2697
プリサイスエース,2698
プリティーキャロル,2699
プリムラブルガリス,2700
プリメラアスール,2701
プリモンディアル,2702
プリンシアコメータ,2703
プリンスダム,2704
プリンセスカママル,2705
プリンセスジャック,2706
プリンセスムーン,2707
プリンセスメモリー,2708
プリンセスロック,2709
プルガステル,2710
プレイアップ,2711
プレイアンドリアル,2712
プレイズエターナル,2713
プレイヤーサムソン,2714
プレイヤーハウス,2715
プレシャスメイト,2716
プレシャスルージュ,2717
プレジールシチー,2718
プレスティージオ,2719
プレストウィック,2720
プレツィオーゼ,2721
プレティオラス,2722
プレノタート,2723
プレフェリート,2724
プレミアステイタス,2725
プレミアムタイム,2726
プレミオテーラー,2727
プロクリス,2728
プロスパー,2729
プロスペラスマム,2730
プロディガルサン,2731
プロトコル,2732
プロファウンド,2733
プロフェット,2734
プロモントーリオ,2735
プロレタリアト,2736
ヘアーオブザドッグ,2737
ヘイジームーン,2738
ヘイローフォンテン,2739
ヘニーハウンド,2740
ヘルツフロイント,2741
ヘルデンテノール,2742
ヘレナモルフォ,2743
ヘレン,2744
ヘヴンズチョイス,2745
ベアインマインド,2746
ベステゲシェンク,2747
ベストウォーリア,2748
ベストセラーアスク,2749
ベストディール,2750
ベストドリーム,2751
ベストマッチョ,2752
ベストミックス,2753
ベストリーダー,2754
ベストルーラー,2755
ベック,2756
ベッラレジーナ,2757
ベニノアロー,2758
ベニノラッキーマン,2759
ベラフォレスタ,2760
ベリートゥベリー,2761
ベリーフィールズ,2762
ベルウッドケルン,2763
ベルウッドテラス,2764
ベルカント,2765
ベルキャニオン,2766
ベルゲンクライ,2767
ベルサリエーレ,2768
ベルシャザール,2769
ベルストーリー,2770
ベルプラージュ,2771
ベルラップ,2772
ベルルミエール,2773
ベルーフ,2774
ベーリングメファ,2775
ペアン,2776
ペイシャオブロー,2777
ペイシャフェリシタ,2778
ペイシャフェリス,2779
ペイシャマリヤ,2780
ペイシャモンシェリ,2781
ペイシャンスゼータ,2782
ペガサスジュニア,2783
ペガサスボス,2784
ペプチドウォヘッド,2785
ペプチドサプル,2786
ペリーホワイト,2787
ペルソナリテ,2788
ペルフィカ,2789
ペルーサ,2790
ペンタトニック,2791
ホウライアキコ,2792
ホエールキャプチャ,2793
ホクセツキングオー,2794
ホクセツダンス,2795
ホクラニミサ,2796
ホクレアポパイ,2797
ホスト,2798
ホッコーアムール,2799
ホッコータルマエ,2800
ホッコーブレーヴ,2801
ホッコーモモタン,2802
ホットランナー,2803
ホホエムオンナ,2804
ホルボッシュ,2805
ホワイトウインド,2806
ホワイトエレガンス,2807
ホワイトフリート,2808
ホワイトフーガ,2809
ホワイトプラネット,2810
ホワイトマニキュア,2811
ホンインボウ,2812
ホーカーテンペスト,2813
ホークオブサミット,2814
ホープフルデイズ,2815
ホーリーシュラウド,2816
ボウマンミル,2817
ボストンサクラ,2818
ボストンプラチナ,2819
ボブキャット,2820
ボルゲーゼ,2821
ボルドネス,2822
ボレアス,2823
ボンジュールココロ,2824
ボーアムルーズ,2825
ボーイフレンド,2826
ボージェスト,2827
ボーダレス,2828
ボールライトニング,2829
ボーンレジェンド,2830
ポアゾンブラック,2831
ポイントブランク,2832
ポセイドンバローズ,2833
ポッドスター,2834
ポップジェムズ,2835
ポトマックリバー,2836
ポムフィリア,2837
ポメグラネイト,2838
ポルスターシャイン,2839
ポルトボナール,2840
ポロス,2841
ポンデザムール,2842
ポントス,2843
ポークチョップ,2844
ポートレイト,2845
ポーラメソッド,2846
ポールアックス,2847
マイアベーア,2848
マイティジャック,2849
マイネイディール,2850
マイネエポナ,2851
マイネオレンジ,2852
マイネオーラム,2853
マイネグレヴィル,2854
マイネサヴァラン,2855
マイネヒメル,2856
マイネプレセア,2857
マイネマオ,2858
マイネリベルタス,2859
マイネルアイザック,2860
マイネルアウストロ,2861
マイネルアウラート,2862
マイネルアダマス,2863
マイネルイルミナル,2864
マイネルエスパス,2865
マイネルエテルネル,2866
マイネルエパティカ,2867
マイネルオフィール,2868
マイネルカレッツァ,2869
マイネルクレイズ,2870
マイネルクロップ,2871
マイネルグルマン,2872
マイネルコランダム,2873
マイネルサクセサー,2874
マイネルサンオペラ,2875
マイネルサージュ,2876
マイネルシャルフ,2877
マイネルシュバリエ,2878
マイネルシュライ,2879
マイネルジェイド,2880
マイネルストラーノ,2881
マイネルスパーブ,2882
マイネルティンラン,2883
マイネルテンクウ,2884
マイネルディアベル,2885
マイネルディーン,2886
マイネルドメニカ,2887
マイネルナタリス,2888
マイネルネーベル,2889
マイネルハニー,2890
マイネルハルカゼ,2891
マイネルバイカ,2892
マイネルバウンス,2893
マイネルバサラ,2894
マイネルバランシン,2895
マイネルビクトリー,2896
マイネルフィエスタ,2897
マイネルフロスト,2898
マイネルホウオウ,2899
マイネルボルソー,2900
マイネルボンド,2901
マイネルポルトゥス,2902
マイネルマルシェ,2903
マイネルマーク,2904
マイネルミラノ,2905
マイネルメダリスト,2906
マイネルメリエンダ,2907
マイネルラクリマ,2908
マイネルラフレシア,2909
マイネルリヒト,2910
マイネルリード,2911
マイネルヴェルト,2912
マイネヴァリエンテ,2913
マウントシャスタ,2914
マウントハレアカラ,2915
マウントロブソン,2916
マカゼコイカゼ,2917
マカハ,2918
マカヒキ,2919
マキオボーラー,2920
マキシマムドパリ,2921
マキノクィーン,2922
マキャヴィティ,2923
マクベスバローズ,2924
マグナムボーイ,2925
マグネイト,2926
マグメル,2927
マコトカンパネッロ,2928
マコトギャラクシー,2929
マコトギンスバーグ,2930
マコトダッソー,2931
マコトナワラタナ,2932
マコトブリジャール,2933
マコトルーメン,2934
マサノグリンベレー,2935
マサノマリリン,2936
マサハヤドリーム,2937
マザックヤース,2938
マシェリガール,2939
マジェスティハーツ,2940
マジカルポケット,2941
マジッククレスト,2942
マジックシャトル,2943
マジックタイム,2944
マスクトヒーロー,2945
マスソングウインド,2946
マズルファイヤー,2947
マダムジルウェット,2948
マッキーコバルト,2949
マックスガイ,2950
マックスドリーム,2951
マックスロノ,2952
マッサビエル,2953
マッチレスヒーロー,2954
マツノヴィグラス,2955
マツリダバッハ,2956
マテラアリオン,2957
マテラスカイ,2958
マテンロウハピネス,2959
マテンロウボス,2960
マディディ,2961
マデイラ,2962
マデューロ,2963
マトリョーシカ,2964
マドリードカフェ,2965
マノワール,2966
マヤノオントロジー,2967
マヤノカデンツァ,2968
マヤノクレド,2969
マヤノピナクル,2970
マヤノリュウジン,2971
マユキ,2972
マラケシュ,2973
マラネロ,2974
マラムデール,2975
マリアライト,2976
マリオーロ,2977
マリカ,2978
マリントウショウ,2979
マリーズケイ,2980
マリーズミイ,2981
マリーナベイ,2982
マルカバッケン,2983
マルカフリート,2984
マルカプレジオ,2985
マルクプレンヌ,2986
マルケサス,2987
マルシアーノ,2988
マルタカシクレノン,2989
マルターズアポジー,2990
マルターズグロウヴ,2991
マルターズゲイル,2992
マルターズレーン,2993
マルマロス,2994
マルモレイナ,2995
マルヨバクシン,2996
マルヴァーンヒルズ,2997
マルーンドロップ,2998
マレーナ,2999
マローブルー,3000
マンインザムーン,3001
マンオブグァテマラ,3002
マンゴジェリー,3003
マンドレイク,3004
マンハッタンヘンジ,3005
マンボネフュー,3006
マンリー,3007
マーセラス,3008
マーチャンテイマー,3009
マーティンボロ,3010
マートンパーク,3011
マーブルカテドラル,3012
マーブルケーキ,3013
ミエノゴーゴー,3014
ミエノドリーマー,3015
ミエノワンダー,3016
ミキノバンジョー,3017
ミスウインストン,3018
ミスチフウイッチ,3019
ミステリートレイン,3020
ミチシルベ,3021
ミッキーアイル,3022
ミッキーオリビエ,3023
ミッキーオリーブ,3024
ミッキークイーン,3025
ミッキーシーガル,3026
ミッキージョイ,3027
ミッキースマホ,3028
ミッキーデータ,3029
ミッキードリーム,3030
ミッキーナチュラル,3031
ミッキーパンプキン,3032
ミッキーヘネシー,3033
ミッキーユニバース,3034
ミッキーラブソング,3035
ミッキーロケット,3036
ミッテルレギ,3037
ミッドサマーフェア,3038
ミッドナイトクロス,3039
ミツバ,3040
ミトラ,3041
ミナスジェライス,3042
ミナレット,3043
ミヤコデラックス,3044
ミヤコマンハッタン,3045
ミヤジエムジェイ,3046
ミヤジエルビス,3047
ミヤジタイガ,3048
ミヤジマッキー,3049
ミヤビエンブレム,3050
ミヤビリファイン,3051
ミュゼエイリアン,3052
ミュゼゴースト,3053
ミュゼスルタン,3054
ミュゼダルタニアン,3055
ミュゼミランダ,3056
ミライヘノカゼ,3057
ミライヘノツバサ,3058
ミラクルナイト,3059
ミラクルピッチ,3060
ミラクルラヴィ,3061
ミリオンヴォルツ,3062
ミルキーブロード,3063
ムスカテール,3064
ムードスウィングス,3065
ムードティアラ,3066
ムーンクレスト,3067
ムーンドロップ,3068
ムーンベックカフェ,3069
ムーンマジェスティ,3070
ムーンリットレイク,3071
ムーヴザワールド,3072
メイアルーア,3073
メイクアップ,3074
メイケイペガスター,3075
メイショウアイアン,3076
メイショウアラワシ,3077
メイショウイチオシ,3078
メイショウインロウ,3079
メイショウウズシオ,3080
メイショウウタゲ,3081
メイショウオオカゼ,3082
メイショウオオゼキ,3083
メイショウオセアン,3084
メイショウカイモン,3085
メイショウカドマツ,3086
メイショウカノン,3087
メイショウカンパク,3088
メイショウキトラ,3089
メイショウゲンブ,3090
メイショウコルノ,3091
メイショウコロンボ,3092
メイショウコンカー,3093
メイショウサミット,3094
メイショウサリマン,3095
メイショウサルーテ,3096
メイショウサワヤカ,3097
メイショウシャイン,3098
メイショウシンシア,3099
メイショウジビュス,3100
メイショウジンム,3101
メイショウスザンナ,3102
メイショウスミトモ,3103
メイショウソラーレ,3104
メイショウゾンビ,3105
メイショウタチマチ,3106
メイショウタマカゼ,3107
メイショウツガル,3108
メイショウツチヤマ,3109
メイショウトキムネ,3110
メイショウドゥーマ,3111
メイショウドンタク,3112
メイショウナルト,3113
メイショウノーベル,3114
メイショウハガクレ,3115
メイショウバーズ,3116
メイショウパワーズ,3117
メイショウヒコボシ,3118
メイショウヒデタダ,3119
メイショウビザン,3120
メイショウフェイク,3121
メイショウフォロー,3122
メイショウブイダン,3123
メイショウブシドウ,3124
メイショウブンブク,3125
メイショウホウトウ,3126
メイショウマシュウ,3127
メイショウマンボ,3128
メイショウメイゲツ,3129
メイショウヤタロウ,3130
メイショウユメゴゼ,3131
メイショウヨウドウ,3132
メイショウライナー,3133
メイショウロフウ,3134
メイショウワコン,3135
メイスンウォー,3136
メイスンキャプテン,3137
メイスンスパート,3138
メイブリーズ,3139
メイプルキング,3140
メイプルレインボー,3141
メガオパールカフェ,3142
メガミチャン,3143
メジャーアスリート,3144
メジャーエンブレム,3145
メジャーステップ,3146
メジャータイフーン,3147
メジャーフォルム,3148
メジャープレゼンス,3149
メジロサンノウ,3150
メジロツボネ,3151
メゾンリー,3152
メタギャラクシー,3153
メテオライト,3154
メテオロロジスト,3155
メドウヒルズ,3156
メドウラーク,3157
メモリアルイヤー,3158
メモリーシャルマン,3159
メモリーパーミット,3160
メラグラーナ,3161
メランコリア,3162
メリーウィドウ,3163
メリートーン,3164
メロディフェア,3165
メローブリーズ,3166
メンカウラー,3167
メンデンホール,3168
メートルダール,3169
モアニケアラ,3170
モアニレフア,3171
モウカッテル,3172
モエレジュンキン,3173
モグモグパクパク,3174
モシモシ,3175
モスカートローザ,3176
モズハツコイ,3177
モズベラベラ,3178
モズライジン,3179
モビール,3180
モモトンボ,3181
モリトハリウッド,3182
モリトビャクミ,3183
モリトリュウコ,3184
モリミヤビ,3185
モルゲンロート,3186
モルジアナ,3187
モルダバイト,3188
モルトベーネ,3189
モルーア,3190
モレサンドニ,3191
モンサンアルビレオ,3192
モンサンカノープス,3193
モンサンビアンカ,3194
モンスターキング,3195
モンストール,3196
モンテエベレスト,3197
モンテエン,3198
モンテネオ,3199
モンテフジサン,3200
モンドインテロ,3201
モンドキャンノ,3202
モンドクラッセ,3203
モンプレジール,3204
モンマックス,3205
モーゼス,3206
モーニン,3207
モーリス,3208
ヤギリジャスパー,3209
ヤギリヴィーナス,3210
ヤサカオディール,3211
ヤサカシャイニー,3212
ヤマイチジャスティ,3213
ヤマカツエース,3214
ヤマカツティラノ,3215
ヤマカツポセイドン,3216
ヤマタケディガー,3217
ヤマタケマツリ,3218
ヤマチョウフェア,3219
ヤマニンアリエッタ,3220
ヤマニンシャンデル,3221
ヤマニンシルフ,3222
ヤマニンバステト,3223
ヤマニンブルジョン,3224
ヤマニンプチガトー,3225
ヤマニンボワラクテ,3226
ヤマニンマルキーザ,3227
ヤマニンマンドール,3228
ヤマニンリュウセイ,3229
ヤマノウィザード,3230
ヤマノサファイア,3231
ヤヤラーラ,3232
ヤンキーソヴリン,3233
ヤングマンパワー,3234
ユウターウェーヴ,3235
ユウチェンジ,3236
ユキノアイオロス,3237
ユキノカトレア,3238
ユキノサムライ,3239
ユキノマルガリータ,3240
ユキノユウダン,3241
ユジェニックブルー,3242
ユヅルノオンガエシ,3243
ユニバーサルバンク,3244
ユールシンギング,3245
ユーロビート,3246
ヨイミヤ,3247
ヨウライフク,3248
ヨクエロマンボ,3249
ヨシオ,3250
ヨシカワクン,3251
ヨッヘイ,3252
ライオンズバイツ,3253
ライザン,3254
ライジングティアラ,3255
ライジングリーズン,3256
ライズトゥフェイム,3257
ライトオブホープ,3258
ライトファンタジア,3259
ライドオンウインド,3260
ライブリシュネル,3261
ライブリシーラ,3262
ラインオブナイト,3263
ラインカグラ,3264
ラインスピリット,3265
ラインセイラ,3266
ラインハーディー,3267
ラインハート,3268
ラインフェルス,3269
ラインブラッド,3270
ラインミーティア,3271
ラインルーフ,3272
ラインロバート,3273
ラウンドワールド,3274
ラキシス,3275
ラクアミ,3276
ラグルーラ,3277
ラシーム,3278
ラジオデイズ,3279
ラストインパクト,3280
ラストダンサー,3281
ラスパジャサーダス,3282
ラスヴェンチュラス,3283
ラズールリッキー,3284
ラタナキリ,3285
ラッキーガナドール,3286
ラッフォルツァート,3287
ラテラス,3288
ラテンロック,3289
ラディアーレ,3290
ラディウス,3291
ラディカル,3292
ラトゥール,3293
ラドゥガ,3294
ラニ,3295
ラハイナルナ,3296
ラピダメンテ,3297
ラフレーズカフェ,3298
ラブイズブーシェ,3299
ラブインペラートル,3300
ラブミークン,3301
ラブミーブルー,3302
ラブユアマン,3303
ラブユー,3304
ラブラドライト,3305
ラブリーアモン,3306
ラブリースター,3307
ラブリーデイ,3308
ラベンダーメモリー,3309
ラペルトワ,3310
ラミーロ,3311
ラムレイ,3312
ララパルーザ,3313
ラリングクライ,3314
ラルク,3315
ラロメリア,3316
ランウェイワルツ,3317
ラングレー,3318
ランドクイーン,3319
ランドマーキュリー,3320
ランドントウォーク,3321
ランバイワイルド,3322
ランフォルセ,3323
ランブリングマン,3324
ランリョウオー,3325
ラヴァンドゥー,3326
ラヴァーズポイント,3327
ラヴアンドポップ,3328
ラヴィアンクレール,3329
ラヴィエベール,3330
ラヴェルソナタ,3331
ラーストチカ,3332
リアファル,3333
リアライズキボンヌ,3334
リアライズクレア,3335
リアライズナマステ,3336
リアライズブラザー,3337
リアリゾンルレーヴ,3338
リアリティー,3339
リアルインパクト,3340
リアルエンブレム,3341
リアルスティール,3342
リアルフレア,3343
リアルモード,3344
リアンドジュエリー,3345
リオンディーズ,3346
リキアイクロフネ,3347
リキサンイレブン,3348
リキサンステルス,3349
リグヴェーダ,3350
リスグラシュー,3351
リスペクトアース,3352
リセエンヌ,3353
リゼコーフィー,3354
リターンストローク,3355
リターントゥジェム,3356
リターンラルク,3357
リッカルド,3358
リックカグラ,3359
リックバナード,3360
リックムファサ,3361
リッシンロケット,3362
リップルトウショウ,3363
リトルゲルダ,3364
リトルボナンザ,3365
リネンソング,3366
リノリオ,3367
リバティーアゲイン,3368
リバティーホール,3369
リバークルーズ,3370
リバーソウル,3371
リバータイキ,3372
リフトザウイングス,3373
リベルタス,3374
リベルタドーレス,3375
リボンフラワー,3376
リムショット,3377
リメインサイレント,3378
リヤンドファミユ,3379
リュクサンブール,3380
リュンヌ,3381
リラコサージュ,3382
リラヴァティ,3383
リリエンタール,3384
リルダヴァル,3385
リルティングインク,3386
リンガスアリュール,3387
リンガスヴィグラス,3388
リングネブラ,3389
リヴィエール,3390
リヴェレンテ,3391
リーサムダイチ,3392
リーサルウェポン,3393
リーゼントブルース,3394
リーゼントロック,3395
ルアノヴァ,3396
ルイーザシアター,3397
ルグランパントル,3398
ルグランフリソン,3399
ルチャドルアスール,3400
ルックスザットキル,3401
ルナ,3402
ルナプロスペクター,3403
ルナレディ,3404
ルネイション,3405
ルネッタアスール,3406
ルノートル,3407
ルファルシオン,3408
ルフォール,3409
ルペールノエル,3410
ルミナスウイング,3411
ルミナスウォリアー,3412
ルミナスティアラ,3413
ルミナスパレード,3414
ルミナスレッド,3415
ルミニズム,3416
ルリニガナ,3417
ルルーシュ,3418
ルージュバック,3419
ルージュロワイヤル,3420
ルートヴィヒコード,3421
ルールザユニバース,3422
ルールソヴァール,3423
ルーレットクイーン,3424
レアリスタ,3425
レアルイモン,3426
レイアロハ,3427
レイカーラ,3428
レイズアスピリット,3429
レイディルアレナ,3430
レイトライザー,3431
レイヌドネージュ,3432
レイヨンヴェール,3433
レインオーバー,3434
レインスティック,3435
レインボーペガサス,3436
レインボーライン,3437
レインボーラヴラヴ,3438
レオアクティブ,3439
レオナビゲート,3440
レオニーズ,3441
レオパルディナ,3442
レオフラッパー,3443
レオプログレス,3444
レオンビスティー,3445
レガリアシチー,3446
レガーロ,3447
レギス,3448
レコンダイト,3449
レザンドゥオール,3450
レジアーネ,3451
レジェトウショウ,3452
レジェンドロック,3453
レックスパレード,3454
レッツゴースター,3455
レッツゴードンキ,3456
レッツサッチャー,3457
レッドアリオン,3458
レッドアルゴ,3459
レッドアルヴィス,3460
レッドイグニス,3461
レッドウィズダム,3462
レッドエルディスト,3463
レッドエレンシア,3464
レッドエンブレム,3465
レッドオラシオン,3466
レッドオリヴィア,3467
レッドオルバース,3468
レッドカチューシャ,3469
レッドカーペット,3470
レッドカーラ,3471
レッドガルシア,3472
レッドキャンティー,3473
レッドキングダム,3474
レッドグラサージュ,3475
レッドグランザ,3476
レッドグルック,3477
レッドゲルニカ,3478
レッドサクセサー,3479
レッドサバス,3480
レッドシャンクス,3481
レッドシルヴィ,3482
レッドジャクソン,3483
レッドジョーカー,3484
レッドスパーダ,3485
レッドセイリング,3486
レッドセシリア,3487
レッドダニエル,3488
レッドティムール,3489
レッドファルクス,3490
レッドフォーチュン,3491
レッドブラッサム,3492
レッドベリンダ,3493
レッドマジュール,3494
レッドマニッシュ,3495
レッドライジェル,3496
レッドラウダ,3497
レッドリヴェール,3498
レッドルグラン,3499
レッドルモンド,3500
レッドルーファス,3501
レッドレイラ,3502
レッドレイヴン,3503
レッドヴァンクール,3504
レッドヴィーヴォ,3505
レディエントブルー,3506
レディー,3507
レディーピンク,3508
レト,3509
レトロクラシック,3510
レトロロック,3511
レムミラス,3512
レモンチャン,3513
レンイングランド,3514
レンブラント,3515
レヴァンタール,3516
レヴァンテライオン,3517
レーザーバレット,3518
レーヌドブリエ,3519
レーヌミノル,3520
レーヴァテイン,3521
レーヴデトワール,3522
レーヴミストラル,3523
レーヴムーン,3524
ロイヤルクレスト,3525
ロイヤルストリート,3526
ロカ,3527
ロクイチスマイル,3528
ロゴタイプ,3529
ロサギガンティア,3530
ロジキング,3531
ロジサンデー,3532
ロジダーリング,3533
ロジチャリス,3534
ロジテースト,3535
ロジテール,3536
ロジプリンセス,3537
ロジムーン,3538
ロジメジャー,3539
ロスカボス,3540
ロスヴァイセ,3541
ロゼッタストーン,3542
ロゾヴァドリナ,3543
ロッカデバルディ,3544
ロッカバラード,3545
ロッカフェスタ,3546
ロッカフラベイビー,3547
ロックキャンディ,3548
ロックシンガー,3549
ロッテンマイヤー,3550
ロトラトゥール,3551
ロノ,3552
ロバーストナカヤマ,3553
ロベルクランツ,3554
ロマネクイーン,3555
ロマンシングジェム,3556
ロマンシーズ,3557
ロマンス,3558
ロレーヌクロス,3559
ロワジャルダン,3560
ロンギングエース,3561
ロンギングケイシー,3562
ロンギングゴールド,3563
ロンギングダンサー,3564
ロングシャドウ,3565
ロングロウ,3566
ロンド,3567
ロンドンタウン,3568
ロンバルディア,3569
ローズノーブル,3570
ローズマンブリッジ,3571
ローズミラクル,3572
ローゼンケーニッヒ,3573
ローデッド,3574
ロードアルティスタ,3575
ロードインスパイア,3576
ロードエフォール,3577
ロードオブザリング,3578
ロードガルーダ,3579
ロードクエスト,3580
ロードシャリオ,3581
ロードスウィープ,3582
ロードハリケーン,3583
ロードフェリーチェ,3584
ロードフォワード,3585
ロードランパート,3586
ロードヴォルケーノ,3587
ローハイド,3588
ローブティサージュ,3589
ローブデソワ,3590
ローブドヴルール,3591
ローマンエンブレム,3592
ローマンレジェンド,3593
ローレルアルトス,3594
ローレルジャック,3595
ローレルソラン,3596
ローレルブレット,3597
ローレンルーナ,3598
ワイドエクセレント,3599
ワイドバッハ,3600
ワイドリーザワン,3601
ワイルドゲーム,3602
ワイルドコットン,3603
ワイルドダラー,3604
ワイルドダンサー,3605
ワイルドドラゴン,3606
ワインシャワー,3607
ワキノキセキ,3608
ワキノコクリュウ,3609
ワキノヒビキ,3610
ワキノブレイブ,3611
ワタシダイナマイト,3612
ワディ,3613
ワトソンクリック,3614
ワラッチャオ,3615
ワンアンドオンリー,3616
ワンスインナムーン,3617
ワンダフルニュース,3618
ワンダフルラスター,3619
ワンダフルワールド,3620
ワンダーアキュート,3621
ワンダーアツレッタ,3622
ワンダーアベニール,3623
ワンダーウノ,3624
ワンダーコロアール,3625
ワンダービゴローソ,3626
ワンダーリーデル,3627
ワンダーロード,3628
ワンパーセント,3629
ワンブレスアウェイ,3630
ワンミリオンス,3631
ワードイズボンド,3632
ワールドインパクト,3633
ワールドエンド,3634
ワールドエース,3635
ワールドブルー,3636
ワールドレーヴ,3637
ワールンガ,3638
ヴァイサーリッター,3639
ヴァッハウ,3640
ヴァリアシオン,3641
ヴァリュービジョン,3642
ヴァルコイネン,3643
ヴァルディヴィア,3644
ヴァンガード,3645
ヴァンキッシュラン,3646
ヴァンセンヌ,3647
ヴァンデミエール,3648
ヴァンヌーヴォー,3649
ヴァンフレーシュ,3650
ヴァーゲンザイル,3651
ヴァーノン,3652
ヴィオラーネ,3653
ヴィガーエッジ,3654
ヴィクタシア,3655
ヴィクタープライム,3656
ヴィクトリーケルブ,3657
ヴィクトリースター,3658
ヴィスビー,3659
ヴィッセン,3660
ヴィットリオドーロ,3661
ヴィブロス,3662
ヴィルシーナ,3663
ヴィルジニア,3664
ヴィルトグラーフ,3665
ヴィンセンツイヤー,3666
ヴィンテージイヤー,3667
ヴィンテージドール,3668
ヴィータアレグリア,3669
ヴィータファン,3670
ヴィーナスフローラ,3671
ヴェアリアスサマー,3672
ヴェイルドスケール,3673
ヴェイロン,3674
ヴェゼール,3675
ヴェラヴァルスター,3676
ヴェルジョワーズ,3677
ヴェルステルキング,3678
ヴェルタート,3679
ヴェルデグリーン,3680
ヴェルデライト,3681
ヴェルフェン,3682
ヴェンセール,3683
ヴォルケンクラッツ,3684
ヴォルシェーブ,3685
ヴォーグトルネード,3686
