Ot@,1
O[,2
TCY,3
V[Q,4
㌴V,5
c[,6
G,7
,8
,9
|a,10
ډp,11
h,12
vۓcM,13
m{h,14
{r,15
܏\,16
FF,17
,18
ɓL,19
ɓ\O,20
ɓm,21
ɓ,22
X؏,23
g,24
Y,25
c,26
o썎,27
p,28
aG,29
O,30
h,31
ia_,32
kol,33
cPF,34
䍎,35
cm,36
FNv,37
Éj,38
ÉT,39
g\i,40
gcO,41
ac,42
ac,43
acY,44
}h,45
yc,46
,47
xL,48
xs,49
vۗm,50
vۗ,51
ac,52
卪cT,53
勴E,54
]N,55
|,56
Vԏ,57
m,58
,59
L,60
cs,61
Bv,62
@`,63
{O,64
{{,65
,66
vےq,67
ɍ,68
,69
ΔV,70
茛,71
OR,72
}ύO,73
j,74
K,75
쎟Y,76
`[O,77
`aK,78
֒ml,79
R,80
cj,81
⌳sO,82
ˍF,83
R,84
cK,85
c,86
쑺F,87
쐼B,88
cC,89
u,90
pt,91
˓c,92
ˋMv,93
ēj,94
֓,95
VJK,96
ga,97
v,98
E,99
V,100
،,101
ؑN,102
{cD,103
{ԔE,104
YG,105
R,106
m,107
Ύ,108
R,109
RNv,110
iv,111
iN,112
i,113
c,114
cp,115
ѐl,116
F,117
ēcz,118
ēcl,119
ēc,120
Ic,121
IcO,122
{NL,123
~cNY,124
~cqV,125
X~,126
Xcs,127
XGs,128
O,129
T,130
c,131
䗺,132
sNj,133
c,134
P,135
ML,136
r㏹a,137
r㏹O,138
r]׎,139
rYY,140
rYw,141
Fv,142
͓m,143
͒×T,144
󌩏G,145
m,146
lc,147
v,148
o,149
g,150
p,151
nӌOF,152
EKY,153
ˍK,154
q,155
qY[,156
qca,157
c,158
c,159
c͔,160
cr,161
cGF,162
cNm,163
RgG,164
Rd,165
,166
I,167
ږN,168
,169
Fl,170
Ɛ,171
p,172
΍␳,173
ΌIF,174
΋,175
ΖёPF,176
M,177
ԐL,178
|m,179
caG,180
ēcp,181
J,182
HFF,183
r`V,184
וv,185
e쐳B,186
e򗲓,187
,188
_,189
p,190
CY,191
,192
͎m,193
򑥗Y,194
aY,195
傖O,196
s,197
^K,198
L,199
Y,200
pF,201
pcW,202
J`,203
J,204
쒆,205
쑺F,206
Mj,207
ؐLq,208
؍Fu,209
؍NO,210
lV,211
GF,212
{L,213
̉Ɛ,214
ѓcO,215
ѓcSj,216
ѓcYO,217
s\,218
ؓo,219
,220
,221
NV,222
,223
ˑ,224
`,225
`,226
T,227
Fa,228
L,229
錩_,230
˗Y,231
z,232
